antecedent_uri,antecedent_artist,consequent_uri,consequent_artist,support,confidence,lift
spotify:track:7yMnml7zdYl5LlDFZPm5Hd,Jonas Brothers,spotify:track:1TfAhjzRBWzYZ8IdUV3igl,Jonas Brothers,0.00501105379513633,0.5483870967741935,60.01300728407908
spotify:track:1TfAhjzRBWzYZ8IdUV3igl,Jonas Brothers,spotify:track:7yMnml7zdYl5LlDFZPm5Hd,Jonas Brothers,0.00501105379513633,0.5483870967741935,60.01300728407908
spotify:track:6IFPfV8PNSYOmufzQ95hmm,Florida Georgia Line,spotify:track:46ZfPS5VpSQVU5gb82hg3K,Florida Georgia Line,0.00501105379513633,0.5396825396825397,48.18086883876357
spotify:track:46ZfPS5VpSQVU5gb82hg3K,Florida Georgia Line,spotify:track:6IFPfV8PNSYOmufzQ95hmm,Florida Georgia Line,0.00501105379513633,0.4473684210526315,48.180868838763566
spotify:track:24NwBd5vZ2CK8VOQVnqdxr,Aerosmith,spotify:track:5MxNLUsfh7uzROypsoO5qe,Aerosmith,0.005158437730287398,0.5833333333333333,45.49329501915709
spotify:track:5MxNLUsfh7uzROypsoO5qe,Aerosmith,spotify:track:24NwBd5vZ2CK8VOQVnqdxr,Aerosmith,0.005158437730287398,0.40229885057471265,45.49329501915709
spotify:track:5MxNLUsfh7uzROypsoO5qe,Aerosmith,spotify:track:5SZ6zX4rOrEQferfFC2MfP,Aerosmith,0.005305821665438467,0.41379310344827586,45.28364849833148
spotify:track:5SZ6zX4rOrEQferfFC2MfP,Aerosmith,spotify:track:5MxNLUsfh7uzROypsoO5qe,Aerosmith,0.005305821665438467,0.5806451612903225,45.28364849833147
spotify:track:5CG9Ps5ynNjpKJHmwc95pa,Dierks Bentley,spotify:track:1zWZvrk13cL8Sl3VLeG57F,Thomas Rhett,0.005600589535740604,0.5,41.37195121951219
spotify:track:1zWZvrk13cL8Sl3VLeG57F,Thomas Rhett,spotify:track:5CG9Ps5ynNjpKJHmwc95pa,Dierks Bentley,0.005600589535740604,0.46341463414634143,41.37195121951219
spotify:track:1yEwEiTpsaPhQi9lb5EVV4,Zac Brown Band,spotify:track:5kjyiH6but1t2UDXq15aeS,Zac Brown Band,0.008253500368459838,0.5714285714285714,41.246200607902736
spotify:track:5kjyiH6but1t2UDXq15aeS,Zac Brown Band,spotify:track:1yEwEiTpsaPhQi9lb5EVV4,Zac Brown Band,0.008253500368459838,0.5957446808510638,41.246200607902736
spotify:track:7I5fYc4qKJddht8Ozhqqdx,Old Dominion,spotify:track:1zWZvrk13cL8Sl3VLeG57F,Thomas Rhett,0.00501105379513633,0.49275362318840576,40.77235772357723
spotify:track:1zWZvrk13cL8Sl3VLeG57F,Thomas Rhett,spotify:track:7I5fYc4qKJddht8Ozhqqdx,Old Dominion,0.00501105379513633,0.41463414634146334,40.77235772357723
spotify:track:5lDriBxJd22IhOH9zTcFrV,The All-American Rejects,spotify:track:2l57cfmCnOkwNX1tky02n1,The All-American Rejects,0.005453205600589536,0.42045454545454547,40.18005761843791
spotify:track:2l57cfmCnOkwNX1tky02n1,The All-American Rejects,spotify:track:5lDriBxJd22IhOH9zTcFrV,The All-American Rejects,0.005453205600589536,0.5211267605633803,40.1800576184379
spotify:track:4O1CExxinEpKZi3861NlTK,Thomas Rhett,spotify:track:6GsAD8PgHxmEuIPTG8GP3M,Thomas Rhett,0.005453205600589536,0.4457831325301205,39.79787571337984
spotify:track:6GsAD8PgHxmEuIPTG8GP3M,Thomas Rhett,spotify:track:4O1CExxinEpKZi3861NlTK,Thomas Rhett,0.005453205600589536,0.4868421052631579,39.79787571337983
spotify:track:5T6DM9qjjngWnukcw0svkX,Florida Georgia Line,spotify:track:6s9ICeczYOfbHHIaSMq9jd,Florida Georgia Line,0.006337509211495947,0.5180722891566265,39.495735751996754
spotify:track:6s9ICeczYOfbHHIaSMq9jd,Florida Georgia Line,spotify:track:5T6DM9qjjngWnukcw0svkX,Florida Georgia Line,0.006337509211495947,0.4831460674157304,39.495735751996754
spotify:track:5ghIJDpPoe3CfHMGu71E6T,Nirvana,spotify:track:4P5KoWXOxwuobLmHXLMobV,Nirvana,0.00604274134119381,0.40594059405940597,38.793055361874224
spotify:track:4P5KoWXOxwuobLmHXLMobV,Nirvana,spotify:track:5ghIJDpPoe3CfHMGu71E6T,Nirvana,0.00604274134119381,0.5774647887323944,38.79305536187422
spotify:track:3b7CDTKB0SRTmQ6ytYi5vZ,Luke Bryan,spotify:track:6GBUsjHfZuweYf5lQEz6mP,Luke Bryan,0.00501105379513633,0.37362637362637363,36.739926739926744
spotify:track:6GBUsjHfZuweYf5lQEz6mP,Luke Bryan,spotify:track:3b7CDTKB0SRTmQ6ytYi5vZ,Luke Bryan,0.00501105379513633,0.49275362318840576,36.73992673992674
spotify:track:79XrkTOfV1AqySNjVlygpW,Drake,spotify:track:12d5QFwzh60IIHlsSnAvps,Drake,0.00501105379513633,0.38202247191011235,36.50735875929736
spotify:track:12d5QFwzh60IIHlsSnAvps,Drake,spotify:track:79XrkTOfV1AqySNjVlygpW,Drake,0.00501105379513633,0.4788732394366197,36.507358759297354
spotify:track:4gmmRb6bZJffOOiww1JGTO,21 Savage,spotify:track:6fwdbPMwP1zVStm8FybmkO,21 Savage,0.007221812822402358,0.6712328767123288,36.434520547945205
spotify:track:6fwdbPMwP1zVStm8FybmkO,21 Savage,spotify:track:4gmmRb6bZJffOOiww1JGTO,21 Savage,0.007221812822402358,0.39199999999999996,36.434520547945205
spotify:track:2TR7A4ulH9R1PNwMyd8o8U,Florida Georgia Line,spotify:track:7nDoBWDvf02SyD8kEQuuPO,Brantley Gilbert,0.005747973470891673,0.39,35.758783783783784
spotify:track:7nDoBWDvf02SyD8kEQuuPO,Brantley Gilbert,spotify:track:2TR7A4ulH9R1PNwMyd8o8U,Florida Georgia Line,0.005747973470891673,0.5270270270270271,35.758783783783784
spotify:track:4E5P1XyAFtrjpiIxkydly4,Iyaz,spotify:track:67T6l4q3zVjC5nZZPXByU8,Jason Derulo,0.00604274134119381,0.41000000000000003,35.21329113924051
spotify:track:67T6l4q3zVjC5nZZPXByU8,Jason Derulo,spotify:track:4E5P1XyAFtrjpiIxkydly4,Iyaz,0.00604274134119381,0.5189873417721519,35.2132911392405
spotify:track:7vWGeYZJUzBXKGPro05UXS,Sam Hunt,spotify:track:5BbYPT6ehZf0hSv2su6JAl,Sam Hunt,0.005453205600589536,0.38144329896907214,34.97422680412371
spotify:track:5BbYPT6ehZf0hSv2su6JAl,Sam Hunt,spotify:track:7vWGeYZJUzBXKGPro05UXS,Sam Hunt,0.005453205600589536,0.5,34.97422680412371
spotify:track:5kjyiH6but1t2UDXq15aeS,Zac Brown Band,spotify:track:4dGJf1SER1T6ooX46vwzRB,Zac Brown Band,0.008843036109064112,0.6382978723404256,34.6468085106383
spotify:track:4dGJf1SER1T6ooX46vwzRB,Zac Brown Band,spotify:track:5kjyiH6but1t2UDXq15aeS,Zac Brown Band,0.008843036109064112,0.48,34.646808510638294
spotify:track:3YBZIN3rekqsKxbJc9FZko,Guns N' Roses,spotify:track:7o2CTH4ctstm8TNelqjb51,Guns N' Roses,0.005158437730287398,0.5303030303030303,33.94439679817038
spotify:track:7o2CTH4ctstm8TNelqjb51,Guns N' Roses,spotify:track:3YBZIN3rekqsKxbJc9FZko,Guns N' Roses,0.005158437730287398,0.330188679245283,33.94439679817038
spotify:track:7o2CTH4ctstm8TNelqjb51,Guns N' Roses,spotify:track:0bVtevEgtDIeRjCJbK3Lmv,Guns N' Roses,0.005453205600589536,0.3490566037735849,33.83355795148248
spotify:track:0bVtevEgtDIeRjCJbK3Lmv,Guns N' Roses,spotify:track:7o2CTH4ctstm8TNelqjb51,Guns N' Roses,0.005453205600589536,0.5285714285714286,33.833557951482476
spotify:track:2N3F1EQCpnIeDOA3rLSAfE,Sam Hunt,spotify:track:6eYYm2xwrvdav2yakF3cqg,Sam Hunt,0.00604274134119381,0.4880952380952381,33.79312439261419
spotify:track:6eYYm2xwrvdav2yakF3cqg,Sam Hunt,spotify:track:2N3F1EQCpnIeDOA3rLSAfE,Sam Hunt,0.00604274134119381,0.41836734693877553,33.79312439261419
spotify:track:0wdKiSBUT7aZkXUIdJWcwC,Kevin Gates,spotify:track:10I3CmmwT0BkOVhduDy53o,Kevin Gates,0.005600589535740604,0.4269662921348315,33.685654559707345
spotify:track:10I3CmmwT0BkOVhduDy53o,Kevin Gates,spotify:track:0wdKiSBUT7aZkXUIdJWcwC,Kevin Gates,0.005600589535740604,0.441860465116279,33.68565455970734
spotify:track:1soxUgYIZb1qx1c7o1Lc7z,Dierks Bentley,spotify:track:5CXnIPD6rTjszYYQm6fY2P,Florida Georgia Line,0.00501105379513633,0.346938775510204,33.62827988338192
spotify:track:5CXnIPD6rTjszYYQm6fY2P,Florida Georgia Line,spotify:track:1soxUgYIZb1qx1c7o1Lc7z,Dierks Bentley,0.00501105379513633,0.4857142857142857,33.62827988338192
spotify:track:5ZManJDV3CexO66nRCkdiV,Old Dominion,spotify:track:2Fk0WwAqTBesLtKg97nojy,Thomas Rhett,0.00501105379513633,0.43589743589743585,33.60868298368298
spotify:track:2Fk0WwAqTBesLtKg97nojy,Thomas Rhett,spotify:track:5ZManJDV3CexO66nRCkdiV,Old Dominion,0.00501105379513633,0.38636363636363635,33.60868298368298
spotify:track:2Fk0WwAqTBesLtKg97nojy,Thomas Rhett,spotify:track:0H04yVa3DJxoXbLBpAb7iV,Chris Young,0.00501105379513633,0.38636363636363635,33.60868298368298
spotify:track:0H04yVa3DJxoXbLBpAb7iV,Chris Young,spotify:track:2Fk0WwAqTBesLtKg97nojy,Thomas Rhett,0.00501105379513633,0.43589743589743585,33.60868298368298
spotify:track:48UPSzbZjgc449aqz8bxox,Red Hot Chili Peppers,spotify:track:3d9DChrdc6BOeFsbrZ3Is0,Red Hot Chili Peppers,0.005453205600589536,0.4457831325301205,33.237786310075464
spotify:track:3d9DChrdc6BOeFsbrZ3Is0,Red Hot Chili Peppers,spotify:track:48UPSzbZjgc449aqz8bxox,Red Hot Chili Peppers,0.005453205600589536,0.4065934065934066,33.237786310075464
spotify:track:1yEwEiTpsaPhQi9lb5EVV4,Zac Brown Band,spotify:track:4dGJf1SER1T6ooX46vwzRB,Zac Brown Band,0.008695652173913044,0.6020408163265306,32.67877551020408
spotify:track:4dGJf1SER1T6ooX46vwzRB,Zac Brown Band,spotify:track:1yEwEiTpsaPhQi9lb5EVV4,Zac Brown Band,0.008695652173913044,0.472,32.678775510204076
spotify:track:3b7CDTKB0SRTmQ6ytYi5vZ,Luke Bryan,spotify:track:0yD66650JxhqKbW76C2qCo,Luke Bryan,0.00501105379513633,0.37362637362637363,32.50070442378135
spotify:track:0yD66650JxhqKbW76C2qCo,Luke Bryan,spotify:track:3b7CDTKB0SRTmQ6ytYi5vZ,Luke Bryan,0.00501105379513633,0.43589743589743585,32.50070442378134
spotify:track:7vWGeYZJUzBXKGPro05UXS,Sam Hunt,spotify:track:6eYYm2xwrvdav2yakF3cqg,Sam Hunt,0.006632277081798084,0.46391752577319584,32.1191878813381
spotify:track:6eYYm2xwrvdav2yakF3cqg,Sam Hunt,spotify:track:7vWGeYZJUzBXKGPro05UXS,Sam Hunt,0.006632277081798084,0.4591836734693877,32.1191878813381
spotify:track:4E5P1XyAFtrjpiIxkydly4,Iyaz,spotify:track:6cmm1LMvZdB5zsCwX5BjqE,Jay Sean,0.005158437730287398,0.35,32.09121621621622
spotify:track:6cmm1LMvZdB5zsCwX5BjqE,Jay Sean,spotify:track:4E5P1XyAFtrjpiIxkydly4,Iyaz,0.005158437730287398,0.47297297297297297,32.09121621621622
spotify:track:6Ep6BzIOB9tz3P4sWqiiAB,Imagine Dragons,spotify:track:2Oehrcv4Kov0SuIgWyQY9e,Imagine Dragons,0.005747973470891673,0.42391304347826086,31.958333333333336
spotify:track:2Oehrcv4Kov0SuIgWyQY9e,Imagine Dragons,spotify:track:6Ep6BzIOB9tz3P4sWqiiAB,Imagine Dragons,0.005747973470891673,0.43333333333333335,31.958333333333336
spotify:track:5BbYPT6ehZf0hSv2su6JAl,Sam Hunt,spotify:track:6eYYm2xwrvdav2yakF3cqg,Sam Hunt,0.00501105379513633,0.45945945945945943,31.810535024820737
spotify:track:6eYYm2xwrvdav2yakF3cqg,Sam Hunt,spotify:track:5BbYPT6ehZf0hSv2su6JAl,Sam Hunt,0.00501105379513633,0.346938775510204,31.810535024820734
spotify:track:7vWGeYZJUzBXKGPro05UXS,Sam Hunt,spotify:track:2N3F1EQCpnIeDOA3rLSAfE,Sam Hunt,0.005600589535740604,0.3917525773195876,31.643348060873834
spotify:track:2N3F1EQCpnIeDOA3rLSAfE,Sam Hunt,spotify:track:7vWGeYZJUzBXKGPro05UXS,Sam Hunt,0.005600589535740604,0.45238095238095233,31.64334806087383
spotify:track:4r8lRYnoOGdEi6YyI5OC1o,*NSYNC,spotify:track:0d8ZbnRoW1TJ3qEleTrYHH,Backstreet Boys,0.005158437730287398,0.3846153846153846,30.701357466063342
spotify:track:0d8ZbnRoW1TJ3qEleTrYHH,Backstreet Boys,spotify:track:4r8lRYnoOGdEi6YyI5OC1o,*NSYNC,0.005158437730287398,0.41176470588235287,30.701357466063342
spotify:track:6eYYm2xwrvdav2yakF3cqg,Sam Hunt,spotify:track:2FviG1Ma0M0BSZbqaDvw0x,Sam Hunt,0.007369196757553427,0.5102040816326531,30.634820299801337
spotify:track:2FviG1Ma0M0BSZbqaDvw0x,Sam Hunt,spotify:track:6eYYm2xwrvdav2yakF3cqg,Sam Hunt,0.007369196757553427,0.4424778761061947,30.634820299801337
spotify:track:6IFPfV8PNSYOmufzQ95hmm,Florida Georgia Line,spotify:track:5kNe7PE09d6Kvw5pAsx23n,Thomas Rhett,0.005305821665438467,0.5714285714285714,30.528683914510683
spotify:track:5kNe7PE09d6Kvw5pAsx23n,Thomas Rhett,spotify:track:6IFPfV8PNSYOmufzQ95hmm,Florida Georgia Line,0.005305821665438467,0.28346456692913385,30.528683914510683
spotify:track:2FviG1Ma0M0BSZbqaDvw0x,Sam Hunt,spotify:track:7vWGeYZJUzBXKGPro05UXS,Sam Hunt,0.007221812822402358,0.4336283185840708,30.33163032570021
spotify:track:7vWGeYZJUzBXKGPro05UXS,Sam Hunt,spotify:track:2FviG1Ma0M0BSZbqaDvw0x,Sam Hunt,0.007221812822402358,0.5051546391752577,30.33163032570021
spotify:track:0Nu9WA8kEbBWEsay2s8Q0U,Eli Young Band,spotify:track:05ZACkzW8YbRq3eFgIfSNB,Eric Church,0.005747973470891673,0.5492957746478874,30.300583991755413
spotify:track:05ZACkzW8YbRq3eFgIfSNB,Eric Church,spotify:track:0Nu9WA8kEbBWEsay2s8Q0U,Eli Young Band,0.005747973470891673,0.3170731707317073,30.300583991755413
spotify:track:2ANLarE8yHVsLWW21nj79M,Lil Uzi Vert,spotify:track:0B8QzDH7YWih85V5SEMnyJ,Lil Uzi Vert,0.007811348563006633,0.47747747747747754,30.277426959669956
spotify:track:0B8QzDH7YWih85V5SEMnyJ,Lil Uzi Vert,spotify:track:2ANLarE8yHVsLWW21nj79M,Lil Uzi Vert,0.007811348563006633,0.4953271028037384,30.277426959669956
spotify:track:03fT3OHB9KyMtGMt2zwqCT,Luke Bryan,spotify:track:5HGibWoxnkYSkl6mHmAlOE,Luke Bryan,0.0075165806927044955,0.4636363636363637,30.247814685314687
spotify:track:5HGibWoxnkYSkl6mHmAlOE,Luke Bryan,spotify:track:03fT3OHB9KyMtGMt2zwqCT,Luke Bryan,0.0075165806927044955,0.49038461538461536,30.247814685314683
spotify:track:2TR7A4ulH9R1PNwMyd8o8U,Florida Georgia Line,spotify:track:5T6DM9qjjngWnukcw0svkX,Florida Georgia Line,0.005453205600589536,0.37,30.246385542168674
spotify:track:5T6DM9qjjngWnukcw0svkX,Florida Georgia Line,spotify:track:2TR7A4ulH9R1PNwMyd8o8U,Florida Georgia Line,0.005453205600589536,0.4457831325301205,30.246385542168674
spotify:track:0yD66650JxhqKbW76C2qCo,Luke Bryan,spotify:track:5HGibWoxnkYSkl6mHmAlOE,Luke Bryan,0.005305821665438467,0.4615384615384615,30.110946745562128
spotify:track:5HGibWoxnkYSkl6mHmAlOE,Luke Bryan,spotify:track:0yD66650JxhqKbW76C2qCo,Luke Bryan,0.005305821665438467,0.34615384615384615,30.110946745562128
spotify:track:2FviG1Ma0M0BSZbqaDvw0x,Sam Hunt,spotify:track:2N3F1EQCpnIeDOA3rLSAfE,Sam Hunt,0.006190125276344879,0.37168141592920356,30.02212389380531
spotify:track:2N3F1EQCpnIeDOA3rLSAfE,Sam Hunt,spotify:track:2FviG1Ma0M0BSZbqaDvw0x,Sam Hunt,0.006190125276344879,0.5,30.02212389380531
spotify:track:5ZManJDV3CexO66nRCkdiV,Old Dominion,spotify:track:5kNe7PE09d6Kvw5pAsx23n,Thomas Rhett,0.006337509211495947,0.5512820512820513,29.452352109832425
spotify:track:5kNe7PE09d6Kvw5pAsx23n,Thomas Rhett,spotify:track:5ZManJDV3CexO66nRCkdiV,Old Dominion,0.006337509211495947,0.33858267716535434,29.452352109832425
spotify:track:3b7CDTKB0SRTmQ6ytYi5vZ,Luke Bryan,spotify:track:5HGibWoxnkYSkl6mHmAlOE,Luke Bryan,0.00604274134119381,0.45054945054945056,29.394019442096365
spotify:track:5HGibWoxnkYSkl6mHmAlOE,Luke Bryan,spotify:track:3b7CDTKB0SRTmQ6ytYi5vZ,Luke Bryan,0.00604274134119381,0.3942307692307692,29.394019442096365
spotify:track:6enPOmd3vSFpI4jjms8kXN,Randy Houser,spotify:track:5HGibWoxnkYSkl6mHmAlOE,Luke Bryan,0.00501105379513633,0.4473684210526315,29.18648785425101
spotify:track:5HGibWoxnkYSkl6mHmAlOE,Luke Bryan,spotify:track:6enPOmd3vSFpI4jjms8kXN,Randy Houser,0.00501105379513633,0.32692307692307687,29.18648785425101
spotify:track:2Fk0WwAqTBesLtKg97nojy,Thomas Rhett,spotify:track:1soxUgYIZb1qx1c7o1Lc7z,Dierks Bentley,0.005453205600589536,0.42045454545454547,29.110041743970317
spotify:track:1soxUgYIZb1qx1c7o1Lc7z,Dierks Bentley,spotify:track:2Fk0WwAqTBesLtKg97nojy,Thomas Rhett,0.005453205600589536,0.37755102040816324,29.110041743970314
spotify:track:0i5el041vd6nxrGEU8QRxy,Florida Georgia Line,spotify:track:6s9ICeczYOfbHHIaSMq9jd,Florida Georgia Line,0.006337509211495947,0.38053097345132747,29.01014218951974
spotify:track:6s9ICeczYOfbHHIaSMq9jd,Florida Georgia Line,spotify:track:0i5el041vd6nxrGEU8QRxy,Florida Georgia Line,0.006337509211495947,0.4831460674157304,29.01014218951974
spotify:track:0BCy325UZyR9z0t0uxwn2N,Florida Georgia Line,spotify:track:1zWZvrk13cL8Sl3VLeG57F,Thomas Rhett,0.005158437730287398,0.3465346534653465,28.673629558077756
spotify:track:1zWZvrk13cL8Sl3VLeG57F,Thomas Rhett,spotify:track:0BCy325UZyR9z0t0uxwn2N,Florida Georgia Line,0.005158437730287398,0.42682926829268286,28.673629558077753
spotify:track:03fT3OHB9KyMtGMt2zwqCT,Luke Bryan,spotify:track:3b7CDTKB0SRTmQ6ytYi5vZ,Luke Bryan,0.006190125276344879,0.38181818181818183,28.46853146853147
spotify:track:3b7CDTKB0SRTmQ6ytYi5vZ,Luke Bryan,spotify:track:03fT3OHB9KyMtGMt2zwqCT,Luke Bryan,0.006190125276344879,0.46153846153846156,28.46853146853147
spotify:track:2Fk0WwAqTBesLtKg97nojy,Thomas Rhett,spotify:track:6eYYm2xwrvdav2yakF3cqg,Sam Hunt,0.005305821665438467,0.4090909090909091,28.323283858998145
spotify:track:6eYYm2xwrvdav2yakF3cqg,Sam Hunt,spotify:track:2Fk0WwAqTBesLtKg97nojy,Thomas Rhett,0.005305821665438467,0.36734693877551017,28.323283858998142
spotify:track:5kNe7PE09d6Kvw5pAsx23n,Thomas Rhett,spotify:track:2Fk0WwAqTBesLtKg97nojy,Thomas Rhett,0.006779661016949152,0.3622047244094488,27.92680744452398
spotify:track:2Fk0WwAqTBesLtKg97nojy,Thomas Rhett,spotify:track:5kNe7PE09d6Kvw5pAsx23n,Thomas Rhett,0.006779661016949152,0.5227272727272727,27.926807444523977
spotify:track:6p8NuHm8uCGnn2Dtbtf7zE,Migos,spotify:track:7KOlJ92bu51cltsD9KU5I7,Migos,0.00707442888725129,0.4444444444444445,27.92181069958848
spotify:track:7KOlJ92bu51cltsD9KU5I7,Migos,spotify:track:6p8NuHm8uCGnn2Dtbtf7zE,Migos,0.00707442888725129,0.4444444444444445,27.92181069958848
spotify:track:5MxNLUsfh7uzROypsoO5qe,Aerosmith,spotify:track:0J6mQxEZnlRt9ymzFntA6z,Bon Jovi,0.00501105379513633,0.3908045977011494,27.911675741076827
spotify:track:0J6mQxEZnlRt9ymzFntA6z,Bon Jovi,spotify:track:5MxNLUsfh7uzROypsoO5qe,Aerosmith,0.00501105379513633,0.3578947368421052,27.911675741076827
spotify:track:2FviG1Ma0M0BSZbqaDvw0x,Sam Hunt,spotify:track:5ZManJDV3CexO66nRCkdiV,Old Dominion,0.005305821665438467,0.3185840707964602,27.712729748127977
spotify:track:5ZManJDV3CexO66nRCkdiV,Old Dominion,spotify:track:2FviG1Ma0M0BSZbqaDvw0x,Sam Hunt,0.005305821665438467,0.4615384615384615,27.712729748127977
spotify:track:0p1HtkrNYxv0iDfEKwXSTp,Blake Shelton,spotify:track:2FviG1Ma0M0BSZbqaDvw0x,Sam Hunt,0.005158437730287398,0.4605263157894737,27.651956217978576
spotify:track:2FviG1Ma0M0BSZbqaDvw0x,Sam Hunt,spotify:track:0p1HtkrNYxv0iDfEKwXSTp,Blake Shelton,0.005158437730287398,0.30973451327433627,27.651956217978572
spotify:track:5BbYPT6ehZf0hSv2su6JAl,Sam Hunt,spotify:track:2FviG1Ma0M0BSZbqaDvw0x,Sam Hunt,0.00501105379513633,0.45945945945945943,27.587897632145417
spotify:track:2FviG1Ma0M0BSZbqaDvw0x,Sam Hunt,spotify:track:5BbYPT6ehZf0hSv2su6JAl,Sam Hunt,0.00501105379513633,0.30088495575221236,27.587897632145417
spotify:track:0i5el041vd6nxrGEU8QRxy,Florida Georgia Line,spotify:track:5T6DM9qjjngWnukcw0svkX,Florida Georgia Line,0.005600589535740604,0.336283185840708,27.490137541315708
spotify:track:5T6DM9qjjngWnukcw0svkX,Florida Georgia Line,spotify:track:0i5el041vd6nxrGEU8QRxy,Florida Georgia Line,0.005600589535740604,0.4578313253012048,27.490137541315704
spotify:track:2TR7A4ulH9R1PNwMyd8o8U,Florida Georgia Line,spotify:track:5HGibWoxnkYSkl6mHmAlOE,Luke Bryan,0.006190125276344879,0.42,27.400961538461537
spotify:track:5HGibWoxnkYSkl6mHmAlOE,Luke Bryan,spotify:track:2TR7A4ulH9R1PNwMyd8o8U,Florida Georgia Line,0.006190125276344879,0.40384615384615385,27.400961538461537
spotify:track:05ZACkzW8YbRq3eFgIfSNB,Eric Church,spotify:track:4wFUdSCer8bdQsrp1M90sa,Tim McGraw,0.005305821665438467,0.2926829268292683,27.203474774473772
spotify:track:4wFUdSCer8bdQsrp1M90sa,Tim McGraw,spotify:track:05ZACkzW8YbRq3eFgIfSNB,Eric Church,0.005305821665438467,0.4931506849315068,27.20347477447377
spotify:track:05ZACkzW8YbRq3eFgIfSNB,Eric Church,spotify:track:1TKlBK9cSrM5u4CiL4SETS,Eric Church,0.006190125276344879,0.34146341463414637,26.939875212705616
spotify:track:1TKlBK9cSrM5u4CiL4SETS,Eric Church,spotify:track:05ZACkzW8YbRq3eFgIfSNB,Eric Church,0.006190125276344879,0.4883720930232558,26.939875212705612
spotify:track:05ZACkzW8YbRq3eFgIfSNB,Eric Church,spotify:track:6E9V9TRlVOLjenGjHemzEH,Lee Brice,0.00501105379513633,0.2764227642276422,26.79326364692218
spotify:track:6E9V9TRlVOLjenGjHemzEH,Lee Brice,spotify:track:05ZACkzW8YbRq3eFgIfSNB,Eric Church,0.00501105379513633,0.4857142857142857,26.79326364692218
spotify:track:03fT3OHB9KyMtGMt2zwqCT,Luke Bryan,spotify:track:5T6DM9qjjngWnukcw0svkX,Florida Georgia Line,0.005305821665438467,0.32727272727272727,26.753559693318728
spotify:track:5T6DM9qjjngWnukcw0svkX,Florida Georgia Line,spotify:track:03fT3OHB9KyMtGMt2zwqCT,Luke Bryan,0.005305821665438467,0.4337349397590361,26.753559693318728
spotify:track:5kNe7PE09d6Kvw5pAsx23n,Thomas Rhett,spotify:track:0H04yVa3DJxoXbLBpAb7iV,Chris Young,0.005747973470891673,0.30708661417322836,26.712598425196852
spotify:track:5kNe7PE09d6Kvw5pAsx23n,Thomas Rhett,spotify:track:1zWZvrk13cL8Sl3VLeG57F,Thomas Rhett,0.00604274134119381,0.3228346456692913,26.71259842519685
spotify:track:1zWZvrk13cL8Sl3VLeG57F,Thomas Rhett,spotify:track:5kNe7PE09d6Kvw5pAsx23n,Thomas Rhett,0.00604274134119381,0.5,26.71259842519685
spotify:track:0H04yVa3DJxoXbLBpAb7iV,Chris Young,spotify:track:5kNe7PE09d6Kvw5pAsx23n,Thomas Rhett,0.005747973470891673,0.5,26.71259842519685
spotify:track:5kNe7PE09d6Kvw5pAsx23n,Thomas Rhett,spotify:track:46ZfPS5VpSQVU5gb82hg3K,Florida Georgia Line,0.005600589535740604,0.2992125984251968,26.71259842519685
spotify:track:46ZfPS5VpSQVU5gb82hg3K,Florida Georgia Line,spotify:track:5kNe7PE09d6Kvw5pAsx23n,Thomas Rhett,0.005600589535740604,0.5,26.71259842519685
spotify:track:6eYYm2xwrvdav2yakF3cqg,Sam Hunt,spotify:track:03fT3OHB9KyMtGMt2zwqCT,Luke Bryan,0.006190125276344879,0.4285714285714286,26.435064935064936
spotify:track:03fT3OHB9KyMtGMt2zwqCT,Luke Bryan,spotify:track:6eYYm2xwrvdav2yakF3cqg,Sam Hunt,0.006190125276344879,0.38181818181818183,26.435064935064936
spotify:track:0H04yVa3DJxoXbLBpAb7iV,Chris Young,spotify:track:2FviG1Ma0M0BSZbqaDvw0x,Sam Hunt,0.00501105379513633,0.43589743589743585,26.173133651009756
spotify:track:2FviG1Ma0M0BSZbqaDvw0x,Sam Hunt,spotify:track:0H04yVa3DJxoXbLBpAb7iV,Chris Young,0.00501105379513633,0.30088495575221236,26.173133651009753
spotify:track:1cktZnxiONH0hR6Q3DKy8h,Eric Church,spotify:track:05ZACkzW8YbRq3eFgIfSNB,Eric Church,0.005305821665438467,0.4675324675324675,25.790307253721885
spotify:track:05ZACkzW8YbRq3eFgIfSNB,Eric Church,spotify:track:1cktZnxiONH0hR6Q3DKy8h,Eric Church,0.005305821665438467,0.2926829268292683,25.790307253721885
spotify:track:5kNe7PE09d6Kvw5pAsx23n,Thomas Rhett,spotify:track:0BCy325UZyR9z0t0uxwn2N,Florida Georgia Line,0.00707442888725129,0.3779527559055118,25.390192562563342
spotify:track:0BCy325UZyR9z0t0uxwn2N,Florida Georgia Line,spotify:track:5kNe7PE09d6Kvw5pAsx23n,Thomas Rhett,0.00707442888725129,0.4752475247524752,25.39019256256334
spotify:track:2TR7A4ulH9R1PNwMyd8o8U,Florida Georgia Line,spotify:track:03fT3OHB9KyMtGMt2zwqCT,Luke Bryan,0.00604274134119381,0.41000000000000003,25.289545454545458
spotify:track:03fT3OHB9KyMtGMt2zwqCT,Luke Bryan,spotify:track:2TR7A4ulH9R1PNwMyd8o8U,Florida Georgia Line,0.00604274134119381,0.37272727272727274,25.289545454545454
spotify:track:4wFUdSCer8bdQsrp1M90sa,Tim McGraw,spotify:track:4dGJf1SER1T6ooX46vwzRB,Zac Brown Band,0.00501105379513633,0.4657534246575342,25.281095890410956
spotify:track:4dGJf1SER1T6ooX46vwzRB,Zac Brown Band,spotify:track:4wFUdSCer8bdQsrp1M90sa,Tim McGraw,0.00501105379513633,0.27199999999999996,25.281095890410956
spotify:track:2FviG1Ma0M0BSZbqaDvw0x,Sam Hunt,spotify:track:2Fk0WwAqTBesLtKg97nojy,Thomas Rhett,0.005453205600589536,0.3274336283185841,25.245876910699923
spotify:track:2Fk0WwAqTBesLtKg97nojy,Thomas Rhett,spotify:track:2FviG1Ma0M0BSZbqaDvw0x,Sam Hunt,0.005453205600589536,0.42045454545454547,25.24587691069992
spotify:track:3pXF1nA74528Edde4of9CC,Bryson Tiller,spotify:track:43PuMrRfbyyuz4QpZ3oAwN,Bryson Tiller,0.006337509211495947,0.3706896551724138,25.15129310344828
spotify:track:43PuMrRfbyyuz4QpZ3oAwN,Bryson Tiller,spotify:track:3pXF1nA74528Edde4of9CC,Bryson Tiller,0.006337509211495947,0.43,25.151293103448275
spotify:track:5T6DM9qjjngWnukcw0svkX,Florida Georgia Line,spotify:track:3xdjjKMcMOFgo1eQrfbogM,Darius Rucker,0.00501105379513633,0.4096385542168674,24.596438852756155
spotify:track:3xdjjKMcMOFgo1eQrfbogM,Darius Rucker,spotify:track:5T6DM9qjjngWnukcw0svkX,Florida Georgia Line,0.00501105379513633,0.30088495575221236,24.596438852756155
spotify:track:1dgWTMoHwTUnQhOQ8SR5fV,Kenny Chesney,spotify:track:4dGJf1SER1T6ooX46vwzRB,Zac Brown Band,0.00604274134119381,0.45054945054945056,24.455824175824176
spotify:track:4dGJf1SER1T6ooX46vwzRB,Zac Brown Band,spotify:track:1dgWTMoHwTUnQhOQ8SR5fV,Kenny Chesney,0.00604274134119381,0.328,24.455824175824176
spotify:track:0i5el041vd6nxrGEU8QRxy,Florida Georgia Line,spotify:track:3b7CDTKB0SRTmQ6ytYi5vZ,Luke Bryan,0.005453205600589536,0.3274336283185841,24.41359525430322
spotify:track:3b7CDTKB0SRTmQ6ytYi5vZ,Luke Bryan,spotify:track:0i5el041vd6nxrGEU8QRxy,Florida Georgia Line,0.005453205600589536,0.4065934065934066,24.413595254303218
spotify:track:0J6mQxEZnlRt9ymzFntA6z,Bon Jovi,spotify:track:7o2CTH4ctstm8TNelqjb51,Guns N' Roses,0.005305821665438467,0.37894736842105264,24.256206554121153
spotify:track:7o2CTH4ctstm8TNelqjb51,Guns N' Roses,spotify:track:0J6mQxEZnlRt9ymzFntA6z,Bon Jovi,0.005305821665438467,0.33962264150943394,24.25620655412115
spotify:track:1yEwEiTpsaPhQi9lb5EVV4,Zac Brown Band,spotify:track:3ts6xK5GzfMAAriT9AIBmP,Jake Owen,0.005305821665438467,0.36734693877551017,24.198533782445015
spotify:track:3ts6xK5GzfMAAriT9AIBmP,Jake Owen,spotify:track:1yEwEiTpsaPhQi9lb5EVV4,Zac Brown Band,0.005305821665438467,0.3495145631067961,24.198533782445015
spotify:track:1soxUgYIZb1qx1c7o1Lc7z,Dierks Bentley,spotify:track:6eYYm2xwrvdav2yakF3cqg,Sam Hunt,0.00501105379513633,0.346938775510204,24.02019991670137
spotify:track:6eYYm2xwrvdav2yakF3cqg,Sam Hunt,spotify:track:1soxUgYIZb1qx1c7o1Lc7z,Dierks Bentley,0.00501105379513633,0.346938775510204,24.02019991670137
spotify:track:0i5el041vd6nxrGEU8QRxy,Florida Georgia Line,spotify:track:2TR7A4ulH9R1PNwMyd8o8U,Florida Georgia Line,0.0058953574060427415,0.35398230088495575,24.01769911504425
spotify:track:2TR7A4ulH9R1PNwMyd8o8U,Florida Georgia Line,spotify:track:0i5el041vd6nxrGEU8QRxy,Florida Georgia Line,0.0058953574060427415,0.4,24.01769911504425
spotify:track:4pdPtRcBmOSQDlJ3Fk945m,DJ Snake,spotify:track:6DNtNfH8hXkqOX1sjqmI7p,Major Lazer,0.006484893146647015,0.4313725490196078,23.990678238508515
spotify:track:6DNtNfH8hXkqOX1sjqmI7p,Major Lazer,spotify:track:4pdPtRcBmOSQDlJ3Fk945m,DJ Snake,0.006484893146647015,0.360655737704918,23.990678238508515
spotify:track:1soxUgYIZb1qx1c7o1Lc7z,Dierks Bentley,spotify:track:5kNe7PE09d6Kvw5pAsx23n,Thomas Rhett,0.006484893146647015,0.44897959183673464,23.986823075686964
spotify:track:5kNe7PE09d6Kvw5pAsx23n,Thomas Rhett,spotify:track:1soxUgYIZb1qx1c7o1Lc7z,Dierks Bentley,0.006484893146647015,0.34645669291338577,23.986823075686964
spotify:track:5kNe7PE09d6Kvw5pAsx23n,Thomas Rhett,spotify:track:6GsAD8PgHxmEuIPTG8GP3M,Thomas Rhett,0.00501105379513633,0.26771653543307083,23.900745959386654
spotify:track:6GsAD8PgHxmEuIPTG8GP3M,Thomas Rhett,spotify:track:5kNe7PE09d6Kvw5pAsx23n,Thomas Rhett,0.00501105379513633,0.4473684210526315,23.90074595938665
spotify:track:4dGJf1SER1T6ooX46vwzRB,Zac Brown Band,spotify:track:1qwnPVOIJjAFfCc40Etb1D,Zac Brown Band,0.005158437730287398,0.27999999999999997,23.7475
spotify:track:1qwnPVOIJjAFfCc40Etb1D,Zac Brown Band,spotify:track:4dGJf1SER1T6ooX46vwzRB,Zac Brown Band,0.005158437730287398,0.43749999999999994,23.747499999999995
spotify:track:3ts6xK5GzfMAAriT9AIBmP,Jake Owen,spotify:track:4dGJf1SER1T6ooX46vwzRB,Zac Brown Band,0.006632277081798084,0.4368932038834951,23.714563106796113
spotify:track:4dGJf1SER1T6ooX46vwzRB,Zac Brown Band,spotify:track:3ts6xK5GzfMAAriT9AIBmP,Jake Owen,0.006632277081798084,0.36,23.714563106796113
spotify:track:2TR7A4ulH9R1PNwMyd8o8U,Florida Georgia Line,spotify:track:6eYYm2xwrvdav2yakF3cqg,Sam Hunt,0.00501105379513633,0.33999999999999997,23.539795918367343
spotify:track:6eYYm2xwrvdav2yakF3cqg,Sam Hunt,spotify:track:2TR7A4ulH9R1PNwMyd8o8U,Florida Georgia Line,0.00501105379513633,0.346938775510204,23.539795918367343
spotify:track:7KOlJ92bu51cltsD9KU5I7,Migos,spotify:track:6mapJIPnQ23RTAevUoE0DL,Rae Sremmurd,0.005453205600589536,0.3425925925925926,23.479704451926676
spotify:track:6mapJIPnQ23RTAevUoE0DL,Rae Sremmurd,spotify:track:7KOlJ92bu51cltsD9KU5I7,Migos,0.005453205600589536,0.3737373737373737,23.479704451926672
spotify:track:69bp2EbF7Q2rqc5N3ylezZ,Justin Bieber,spotify:track:3pzjHKrQSvXGHQ98dx18HI,Justin Bieber,0.005747973470891673,0.30708661417322836,23.411041316464658
spotify:track:3pzjHKrQSvXGHQ98dx18HI,Justin Bieber,spotify:track:69bp2EbF7Q2rqc5N3ylezZ,Justin Bieber,0.005747973470891673,0.43820224719101125,23.411041316464654
spotify:track:0VgkVdmE4gld66l8iyGjgx,Future,spotify:track:4Q3N4Ct4zCuIHuZ65E3BD4,Kodak Black,0.006927044952100221,0.36153846153846153,22.925593098490296
spotify:track:4Q3N4Ct4zCuIHuZ65E3BD4,Kodak Black,spotify:track:0VgkVdmE4gld66l8iyGjgx,Future,0.006927044952100221,0.4392523364485981,22.925593098490292
spotify:track:3ts6xK5GzfMAAriT9AIBmP,Jake Owen,spotify:track:1soxUgYIZb1qx1c7o1Lc7z,Dierks Bentley,0.00501105379513633,0.33009708737864074,22.854170794531402
spotify:track:3ts6xK5GzfMAAriT9AIBmP,Jake Owen,spotify:track:6eYYm2xwrvdav2yakF3cqg,Sam Hunt,0.00501105379513633,0.33009708737864074,22.854170794531402
spotify:track:6eYYm2xwrvdav2yakF3cqg,Sam Hunt,spotify:track:3ts6xK5GzfMAAriT9AIBmP,Jake Owen,0.00501105379513633,0.346938775510204,22.8541707945314
spotify:track:1soxUgYIZb1qx1c7o1Lc7z,Dierks Bentley,spotify:track:3ts6xK5GzfMAAriT9AIBmP,Jake Owen,0.00501105379513633,0.346938775510204,22.8541707945314
spotify:track:5OMwQFBcte0aWFJFqrr5oj,Kesha,spotify:track:4E5P1XyAFtrjpiIxkydly4,Iyaz,0.00501105379513633,0.3366336633663366,22.840594059405937
spotify:track:4E5P1XyAFtrjpiIxkydly4,Iyaz,spotify:track:5OMwQFBcte0aWFJFqrr5oj,Kesha,0.00501105379513633,0.33999999999999997,22.840594059405937
spotify:track:6RcQOut9fWL6FSqeIr5M1r,Gwen Stefani,spotify:track:5OMwQFBcte0aWFJFqrr5oj,Kesha,0.005158437730287398,0.3398058252427184,22.827549745265785
spotify:track:5OMwQFBcte0aWFJFqrr5oj,Kesha,spotify:track:6RcQOut9fWL6FSqeIr5M1r,Gwen Stefani,0.005158437730287398,0.3465346534653465,22.827549745265785
spotify:track:7HGTkn2aX7MNdKs7nV2xBt,The Killers,spotify:track:7oK9VyNzrYvRFo7nQEYkWN,The Killers,0.00501105379513633,0.5666666666666667,22.75049309664694
spotify:track:5kNe7PE09d6Kvw5pAsx23n,Thomas Rhett,spotify:track:2FviG1Ma0M0BSZbqaDvw0x,Sam Hunt,0.00707442888725129,0.3779527559055118,22.693888927600863
spotify:track:2FviG1Ma0M0BSZbqaDvw0x,Sam Hunt,spotify:track:5kNe7PE09d6Kvw5pAsx23n,Thomas Rhett,0.00707442888725129,0.4247787610619469,22.693888927600863
spotify:track:4dGJf1SER1T6ooX46vwzRB,Zac Brown Band,spotify:track:3b7CDTKB0SRTmQ6ytYi5vZ,Luke Bryan,0.005600589535740604,0.304,22.666373626373627
spotify:track:3b7CDTKB0SRTmQ6ytYi5vZ,Luke Bryan,spotify:track:4dGJf1SER1T6ooX46vwzRB,Zac Brown Band,0.005600589535740604,0.4175824175824176,22.666373626373627
spotify:track:1yEwEiTpsaPhQi9lb5EVV4,Zac Brown Band,spotify:track:03fT3OHB9KyMtGMt2zwqCT,Luke Bryan,0.005305821665438467,0.36734693877551017,22.658627087198514
spotify:track:03fT3OHB9KyMtGMt2zwqCT,Luke Bryan,spotify:track:1yEwEiTpsaPhQi9lb5EVV4,Zac Brown Band,0.005305821665438467,0.32727272727272727,22.658627087198514
spotify:track:4O1CExxinEpKZi3861NlTK,Thomas Rhett,spotify:track:05ZACkzW8YbRq3eFgIfSNB,Eric Church,0.00501105379513633,0.4096385542168674,22.596728376922318
spotify:track:05ZACkzW8YbRq3eFgIfSNB,Eric Church,spotify:track:4O1CExxinEpKZi3861NlTK,Thomas Rhett,0.00501105379513633,0.2764227642276422,22.596728376922318
spotify:track:5HGibWoxnkYSkl6mHmAlOE,Luke Bryan,spotify:track:0i5el041vd6nxrGEU8QRxy,Florida Georgia Line,0.005747973470891673,0.375,22.516592920353983
spotify:track:0i5el041vd6nxrGEU8QRxy,Florida Georgia Line,spotify:track:5HGibWoxnkYSkl6mHmAlOE,Luke Bryan,0.005747973470891673,0.34513274336283184,22.51659292035398
spotify:track:11KJSRSgaDxqydKYiD2Jew,Drake,spotify:track:6F609ICg9Spjrw1epsAnpa,Drake,0.006190125276344879,0.35294117647058826,22.380428807036836
spotify:track:6F609ICg9Spjrw1epsAnpa,Drake,spotify:track:11KJSRSgaDxqydKYiD2Jew,Drake,0.006190125276344879,0.39252336448598135,22.380428807036836
spotify:track:4Q3N4Ct4zCuIHuZ65E3BD4,Kodak Black,spotify:track:1f5cbQtDrykjarZVrShaDI,A Boogie Wit da Hoodie,0.005158437730287398,0.32710280373831774,22.19392523364486
spotify:track:1f5cbQtDrykjarZVrShaDI,A Boogie Wit da Hoodie,spotify:track:4Q3N4Ct4zCuIHuZ65E3BD4,Kodak Black,0.005158437730287398,0.35,22.19392523364486
spotify:track:03fT3OHB9KyMtGMt2zwqCT,Luke Bryan,spotify:track:3ts6xK5GzfMAAriT9AIBmP,Jake Owen,0.005453205600589536,0.33636363636363636,22.15754633715799
spotify:track:3ts6xK5GzfMAAriT9AIBmP,Jake Owen,spotify:track:03fT3OHB9KyMtGMt2zwqCT,Luke Bryan,0.005453205600589536,0.35922330097087374,22.157546337157985
spotify:track:3ts6xK5GzfMAAriT9AIBmP,Jake Owen,spotify:track:3xdjjKMcMOFgo1eQrfbogM,Darius Rucker,0.005600589535740604,0.36893203883495146,22.15224675659421
spotify:track:3xdjjKMcMOFgo1eQrfbogM,Darius Rucker,spotify:track:3ts6xK5GzfMAAriT9AIBmP,Jake Owen,0.005600589535740604,0.336283185840708,22.15224675659421
spotify:track:1yEwEiTpsaPhQi9lb5EVV4,Zac Brown Band,spotify:track:3xdjjKMcMOFgo1eQrfbogM,Darius Rucker,0.005305821665438467,0.36734693877551017,22.05707061585696
spotify:track:3xdjjKMcMOFgo1eQrfbogM,Darius Rucker,spotify:track:1yEwEiTpsaPhQi9lb5EVV4,Zac Brown Band,0.005305821665438467,0.3185840707964602,22.05707061585696
spotify:track:1WoOzgvz6CgH4pX6a1RKGp,Fetty Wap,spotify:track:5NQbUaeTEOGdD6hHcre0dZ,Fetty Wap,0.006779661016949152,0.5168539325842697,22.055685110592893
spotify:track:5NQbUaeTEOGdD6hHcre0dZ,Fetty Wap,spotify:track:1WoOzgvz6CgH4pX6a1RKGp,Fetty Wap,0.006779661016949152,0.2893081761006289,22.05568511059289
spotify:track:05ZACkzW8YbRq3eFgIfSNB,Eric Church,spotify:track:3b7CDTKB0SRTmQ6ytYi5vZ,Luke Bryan,0.005305821665438467,0.2926829268292683,21.822567676226214
spotify:track:3b7CDTKB0SRTmQ6ytYi5vZ,Luke Bryan,spotify:track:05ZACkzW8YbRq3eFgIfSNB,Eric Church,0.005305821665438467,0.3956043956043956,21.82256767622621
spotify:track:5kjyiH6but1t2UDXq15aeS,Zac Brown Band,spotify:track:3xdjjKMcMOFgo1eQrfbogM,Darius Rucker,0.00501105379513633,0.36170212765957444,21.718132178497456
spotify:track:3xdjjKMcMOFgo1eQrfbogM,Darius Rucker,spotify:track:5kjyiH6but1t2UDXq15aeS,Zac Brown Band,0.00501105379513633,0.30088495575221236,21.718132178497456
spotify:track:03fT3OHB9KyMtGMt2zwqCT,Luke Bryan,spotify:track:1soxUgYIZb1qx1c7o1Lc7z,Dierks Bentley,0.00501105379513633,0.3090909090909091,21.39981447124304
spotify:track:1soxUgYIZb1qx1c7o1Lc7z,Dierks Bentley,spotify:track:03fT3OHB9KyMtGMt2zwqCT,Luke Bryan,0.00501105379513633,0.346938775510204,21.39981447124304
spotify:track:7KOlJ92bu51cltsD9KU5I7,Migos,spotify:track:1f5cbQtDrykjarZVrShaDI,A Boogie Wit da Hoodie,0.00501105379513633,0.3148148148148148,21.360185185185184
spotify:track:1f5cbQtDrykjarZVrShaDI,A Boogie Wit da Hoodie,spotify:track:7KOlJ92bu51cltsD9KU5I7,Migos,0.00501105379513633,0.33999999999999997,21.360185185185184
spotify:track:439TlnnznSiBbQbgXiBqAd,Kendrick Lamar,spotify:track:6fAyRZ0GHuuvSOEIOwi58N,Kendrick Lamar,0.00604274134119381,0.27702702702702703,21.35941339066339
spotify:track:6fAyRZ0GHuuvSOEIOwi58N,Kendrick Lamar,spotify:track:439TlnnznSiBbQbgXiBqAd,Kendrick Lamar,0.00604274134119381,0.46590909090909094,21.35941339066339
spotify:track:5T8EDUDqKcs6OSOwEsfqG7,Queen,spotify:track:1AhDOtG9vPSOmsWgNW0BEY,Queen,0.005747973470891673,0.5064935064935066,21.213323713323714
spotify:track:6RcQOut9fWL6FSqeIr5M1r,Gwen Stefani,spotify:track:2gam98EZKrF9XuOkU13ApN,Nelly Furtado,0.00501105379513633,0.33009708737864074,21.129327715698842
spotify:track:2gam98EZKrF9XuOkU13ApN,Nelly Furtado,spotify:track:6RcQOut9fWL6FSqeIr5M1r,Gwen Stefani,0.00501105379513633,0.320754716981132,21.12932771569884
spotify:track:0i5el041vd6nxrGEU8QRxy,Florida Georgia Line,spotify:track:3ts6xK5GzfMAAriT9AIBmP,Jake Owen,0.005305821665438467,0.3185840707964602,20.986339032562935
spotify:track:3ts6xK5GzfMAAriT9AIBmP,Jake Owen,spotify:track:0i5el041vd6nxrGEU8QRxy,Florida Georgia Line,0.005305821665438467,0.3495145631067961,20.98633903256293
spotify:track:05ZACkzW8YbRq3eFgIfSNB,Eric Church,spotify:track:3ts6xK5GzfMAAriT9AIBmP,Jake Owen,0.005747973470891673,0.3170731707317073,20.886810324413922
spotify:track:3ts6xK5GzfMAAriT9AIBmP,Jake Owen,spotify:track:05ZACkzW8YbRq3eFgIfSNB,Eric Church,0.005747973470891673,0.3786407766990291,20.886810324413922
spotify:track:0uMUvbkTdjBNZ5UuHZ5PIj,Childish Gambino,spotify:track:7wwifjNAb172PtDpKK3CoR,Childish Gambino,0.005158437730287398,0.3723404255319149,20.878758572182168
spotify:track:7wwifjNAb172PtDpKK3CoR,Childish Gambino,spotify:track:0uMUvbkTdjBNZ5UuHZ5PIj,Childish Gambino,0.005158437730287398,0.2892561983471074,20.878758572182168
spotify:track:1soxUgYIZb1qx1c7o1Lc7z,Dierks Bentley,spotify:track:2FviG1Ma0M0BSZbqaDvw0x,Sam Hunt,0.00501105379513633,0.346938775510204,20.831677803864906
spotify:track:2FviG1Ma0M0BSZbqaDvw0x,Sam Hunt,spotify:track:1soxUgYIZb1qx1c7o1Lc7z,Dierks Bentley,0.00501105379513633,0.30088495575221236,20.831677803864906
spotify:track:3xdjjKMcMOFgo1eQrfbogM,Darius Rucker,spotify:track:1soxUgYIZb1qx1c7o1Lc7z,Dierks Bentley,0.00501105379513633,0.30088495575221236,20.831677803864906
spotify:track:1soxUgYIZb1qx1c7o1Lc7z,Dierks Bentley,spotify:track:3xdjjKMcMOFgo1eQrfbogM,Darius Rucker,0.00501105379513633,0.346938775510204,20.831677803864906
spotify:track:4dGJf1SER1T6ooX46vwzRB,Zac Brown Band,spotify:track:03fT3OHB9KyMtGMt2zwqCT,Luke Bryan,0.006190125276344879,0.336,20.725090909090913
spotify:track:03fT3OHB9KyMtGMt2zwqCT,Luke Bryan,spotify:track:4dGJf1SER1T6ooX46vwzRB,Zac Brown Band,0.006190125276344879,0.38181818181818183,20.72509090909091
spotify:track:7GX5flRQZVHRAGd6B4TmDO,Lil Uzi Vert,spotify:track:1f5cbQtDrykjarZVrShaDI,A Boogie Wit da Hoodie,0.0058953574060427415,0.30303030303030304,20.560606060606062
spotify:track:1f5cbQtDrykjarZVrShaDI,A Boogie Wit da Hoodie,spotify:track:7GX5flRQZVHRAGd6B4TmDO,Lil Uzi Vert,0.0058953574060427415,0.4,20.56060606060606
spotify:track:4Q3N4Ct4zCuIHuZ65E3BD4,Kodak Black,spotify:track:6p8NuHm8uCGnn2Dtbtf7zE,Migos,0.005158437730287398,0.32710280373831774,20.54993077189339
spotify:track:6p8NuHm8uCGnn2Dtbtf7zE,Migos,spotify:track:4Q3N4Ct4zCuIHuZ65E3BD4,Kodak Black,0.005158437730287398,0.32407407407407407,20.54993077189339
spotify:track:7vWGeYZJUzBXKGPro05UXS,Sam Hunt,spotify:track:5kNe7PE09d6Kvw5pAsx23n,Thomas Rhett,0.005453205600589536,0.38144329896907214,20.378683334686254
spotify:track:5kNe7PE09d6Kvw5pAsx23n,Thomas Rhett,spotify:track:7vWGeYZJUzBXKGPro05UXS,Sam Hunt,0.005453205600589536,0.29133858267716534,20.378683334686254
spotify:track:0Fv5N0cHBsl4bzCbollCAS,Big Sean,spotify:track:0SGkqnVQo9KPytSri1H6cF,Big Sean,0.0058953574060427415,0.4878048780487805,20.18143961927424
spotify:track:69bp2EbF7Q2rqc5N3ylezZ,Justin Bieber,spotify:track:3hB5DgAiMAQ4DzYbsMq1IT,Justin Bieber,0.006337509211495947,0.33858267716535434,20.151609338306397
spotify:track:3hB5DgAiMAQ4DzYbsMq1IT,Justin Bieber,spotify:track:69bp2EbF7Q2rqc5N3ylezZ,Justin Bieber,0.006337509211495947,0.37719298245614036,20.151609338306397
spotify:track:3nAq2hCr1oWsIU54tS98pL,Kanye West,spotify:track:19a3JfW8BQwqHWUMbcqSx8,Kanye West,0.005305821665438467,0.34615384615384615,20.07396449704142
spotify:track:19a3JfW8BQwqHWUMbcqSx8,Kanye West,spotify:track:3nAq2hCr1oWsIU54tS98pL,Kanye West,0.005305821665438467,0.30769230769230765,20.073964497041416
spotify:track:6p8NuHm8uCGnn2Dtbtf7zE,Migos,spotify:track:7GX5flRQZVHRAGd6B4TmDO,Lil Uzi Vert,0.006190125276344879,0.38888888888888895,19.989478114478118
spotify:track:7GX5flRQZVHRAGd6B4TmDO,Lil Uzi Vert,spotify:track:6p8NuHm8uCGnn2Dtbtf7zE,Migos,0.006190125276344879,0.3181818181818182,19.989478114478114
spotify:track:4Q3N4Ct4zCuIHuZ65E3BD4,Kodak Black,spotify:track:7KOlJ92bu51cltsD9KU5I7,Migos,0.00501105379513633,0.3177570093457944,19.962789892696435
spotify:track:7KOlJ92bu51cltsD9KU5I7,Migos,spotify:track:4Q3N4Ct4zCuIHuZ65E3BD4,Kodak Black,0.00501105379513633,0.3148148148148148,19.962789892696435
spotify:track:4dGJf1SER1T6ooX46vwzRB,Zac Brown Band,spotify:track:6eYYm2xwrvdav2yakF3cqg,Sam Hunt,0.005305821665438467,0.288,19.939591836734692
spotify:track:6eYYm2xwrvdav2yakF3cqg,Sam Hunt,spotify:track:4dGJf1SER1T6ooX46vwzRB,Zac Brown Band,0.005305821665438467,0.36734693877551017,19.939591836734692
spotify:track:0VgkVdmE4gld66l8iyGjgx,Future,spotify:track:7KOlJ92bu51cltsD9KU5I7,Migos,0.00604274134119381,0.3153846153846154,19.81374643874644
spotify:track:7KOlJ92bu51cltsD9KU5I7,Migos,spotify:track:0VgkVdmE4gld66l8iyGjgx,Future,0.00604274134119381,0.37962962962962965,19.81374643874644
spotify:track:0B8QzDH7YWih85V5SEMnyJ,Lil Uzi Vert,spotify:track:6fwdbPMwP1zVStm8FybmkO,21 Savage,0.005747973470891673,0.36448598130841126,19.784299065420562
spotify:track:6fwdbPMwP1zVStm8FybmkO,21 Savage,spotify:track:0B8QzDH7YWih85V5SEMnyJ,Lil Uzi Vert,0.005747973470891673,0.312,19.784299065420562
spotify:track:05ZACkzW8YbRq3eFgIfSNB,Eric Church,spotify:track:6eYYm2xwrvdav2yakF3cqg,Sam Hunt,0.005158437730287398,0.2845528455284553,19.700929152148664
spotify:track:6eYYm2xwrvdav2yakF3cqg,Sam Hunt,spotify:track:05ZACkzW8YbRq3eFgIfSNB,Eric Church,0.005158437730287398,0.3571428571428571,19.70092915214866
spotify:track:7GX5flRQZVHRAGd6B4TmDO,Lil Uzi Vert,spotify:track:4Q3N4Ct4zCuIHuZ65E3BD4,Kodak Black,0.00604274134119381,0.3106060606060606,19.69590767487964
spotify:track:4Q3N4Ct4zCuIHuZ65E3BD4,Kodak Black,spotify:track:7GX5flRQZVHRAGd6B4TmDO,Lil Uzi Vert,0.00604274134119381,0.383177570093458,19.69590767487964
spotify:track:4dGJf1SER1T6ooX46vwzRB,Zac Brown Band,spotify:track:3xdjjKMcMOFgo1eQrfbogM,Darius Rucker,0.00604274134119381,0.328,19.694513274336284
spotify:track:3xdjjKMcMOFgo1eQrfbogM,Darius Rucker,spotify:track:4dGJf1SER1T6ooX46vwzRB,Zac Brown Band,0.00604274134119381,0.36283185840707965,19.694513274336284
spotify:track:03fT3OHB9KyMtGMt2zwqCT,Luke Bryan,spotify:track:0i5el041vd6nxrGEU8QRxy,Florida Georgia Line,0.005305821665438467,0.32727272727272727,19.65084473049075
spotify:track:0i5el041vd6nxrGEU8QRxy,Florida Georgia Line,spotify:track:03fT3OHB9KyMtGMt2zwqCT,Luke Bryan,0.005305821665438467,0.3185840707964602,19.65084473049075
spotify:track:2FviG1Ma0M0BSZbqaDvw0x,Sam Hunt,spotify:track:03fT3OHB9KyMtGMt2zwqCT,Luke Bryan,0.005305821665438467,0.3185840707964602,19.65084473049075
spotify:track:03fT3OHB9KyMtGMt2zwqCT,Luke Bryan,spotify:track:2FviG1Ma0M0BSZbqaDvw0x,Sam Hunt,0.005305821665438467,0.32727272727272727,19.65084473049075
spotify:track:3xdjjKMcMOFgo1eQrfbogM,Darius Rucker,spotify:track:03fT3OHB9KyMtGMt2zwqCT,Luke Bryan,0.005305821665438467,0.3185840707964602,19.65084473049075
spotify:track:03fT3OHB9KyMtGMt2zwqCT,Luke Bryan,spotify:track:3xdjjKMcMOFgo1eQrfbogM,Darius Rucker,0.005305821665438467,0.32727272727272727,19.65084473049075
spotify:track:2fuCquhmrzHpu5xcA1ci9x,Queen,spotify:track:1AhDOtG9vPSOmsWgNW0BEY,Queen,0.005305821665438467,0.4675324675324675,19.58152958152958
spotify:track:3xdjjKMcMOFgo1eQrfbogM,Darius Rucker,spotify:track:05ZACkzW8YbRq3eFgIfSNB,Eric Church,0.0058953574060427415,0.35398230088495575,19.526584646377437
spotify:track:05ZACkzW8YbRq3eFgIfSNB,Eric Church,spotify:track:3xdjjKMcMOFgo1eQrfbogM,Darius Rucker,0.0058953574060427415,0.3252032520325203,19.526584646377437
spotify:track:4gFXY5yvHayGckJndafYQE,T-Pain,spotify:track:2q4rjDy9WhaN3o9MvDbO21,Soulja Boy,0.005305821665438467,0.27480916030534347,19.222475800739748
spotify:track:2q4rjDy9WhaN3o9MvDbO21,Soulja Boy,spotify:track:4gFXY5yvHayGckJndafYQE,T-Pain,0.005305821665438467,0.37113402061855666,19.222475800739748
spotify:track:6RcQOut9fWL6FSqeIr5M1r,Gwen Stefani,spotify:track:0O45fw2L5vsWpdsOdXwNAR,Justin Timberlake,0.005305821665438467,0.3495145631067961,19.124647666771057
spotify:track:0O45fw2L5vsWpdsOdXwNAR,Justin Timberlake,spotify:track:6RcQOut9fWL6FSqeIr5M1r,Gwen Stefani,0.005305821665438467,0.29032258064516125,19.124647666771057
spotify:track:6eYYm2xwrvdav2yakF3cqg,Sam Hunt,spotify:track:5kNe7PE09d6Kvw5pAsx23n,Thomas Rhett,0.005158437730287398,0.3571428571428571,19.080427446569175
spotify:track:5kNe7PE09d6Kvw5pAsx23n,Thomas Rhett,spotify:track:6eYYm2xwrvdav2yakF3cqg,Sam Hunt,0.005158437730287398,0.2755905511811023,19.080427446569175
spotify:track:2ANLarE8yHVsLWW21nj79M,Lil Uzi Vert,spotify:track:6fwdbPMwP1zVStm8FybmkO,21 Savage,0.005747973470891673,0.35135135135135137,19.071351351351353
spotify:track:6fwdbPMwP1zVStm8FybmkO,21 Savage,spotify:track:2ANLarE8yHVsLWW21nj79M,Lil Uzi Vert,0.005747973470891673,0.312,19.071351351351353
spotify:track:1WoOzgvz6CgH4pX6a1RKGp,Fetty Wap,spotify:track:2d8JP84HNLKhmd6IYOoupQ,Fetty Wap,0.005600589535740604,0.4269662921348315,19.058988764044948
spotify:track:2d8JP84HNLKhmd6IYOoupQ,Fetty Wap,spotify:track:1WoOzgvz6CgH4pX6a1RKGp,Fetty Wap,0.005600589535740604,0.25,19.058988764044944
spotify:track:6HZILIRieu8S0iqY8kIKhj,Kendrick Lamar,spotify:track:7KXjTSCq5nL1LoYtL7XAwS,Kendrick Lamar,0.008548268238761975,0.5576923076923077,19.014785465790492
spotify:track:7KXjTSCq5nL1LoYtL7XAwS,Kendrick Lamar,spotify:track:6HZILIRieu8S0iqY8kIKhj,Kendrick Lamar,0.008548268238761975,0.2914572864321608,19.01478546579049
spotify:track:1f5cbQtDrykjarZVrShaDI,A Boogie Wit da Hoodie,spotify:track:0VgkVdmE4gld66l8iyGjgx,Future,0.005305821665438467,0.36,18.789230769230766
spotify:track:0VgkVdmE4gld66l8iyGjgx,Future,spotify:track:1f5cbQtDrykjarZVrShaDI,A Boogie Wit da Hoodie,0.005305821665438467,0.2769230769230769,18.789230769230766
spotify:track:4dGJf1SER1T6ooX46vwzRB,Zac Brown Band,spotify:track:2FviG1Ma0M0BSZbqaDvw0x,Sam Hunt,0.005747973470891673,0.312,18.733805309734514
spotify:track:2FviG1Ma0M0BSZbqaDvw0x,Sam Hunt,spotify:track:4dGJf1SER1T6ooX46vwzRB,Zac Brown Band,0.005747973470891673,0.34513274336283184,18.73380530973451
spotify:track:5vdp5UmvTsnMEMESIF2Ym7,Queen,spotify:track:1AhDOtG9vPSOmsWgNW0BEY,Queen,0.005600589535740604,0.44705882352941173,18.72403776325345
spotify:track:0J6mQxEZnlRt9ymzFntA6z,Bon Jovi,spotify:track:4bHsxqR3GMrXTxEPLuK5ue,Journey,0.005453205600589536,0.3894736842105263,18.609710896960713
spotify:track:4bHsxqR3GMrXTxEPLuK5ue,Journey,spotify:track:0J6mQxEZnlRt9ymzFntA6z,Bon Jovi,0.005453205600589536,0.2605633802816901,18.60971089696071
spotify:track:0i5el041vd6nxrGEU8QRxy,Florida Georgia Line,spotify:track:05ZACkzW8YbRq3eFgIfSNB,Eric Church,0.005600589535740604,0.336283185840708,18.550255414058565
spotify:track:05ZACkzW8YbRq3eFgIfSNB,Eric Church,spotify:track:0i5el041vd6nxrGEU8QRxy,Florida Georgia Line,0.005600589535740604,0.30894308943089427,18.55025541405856
spotify:track:6p8NuHm8uCGnn2Dtbtf7zE,Migos,spotify:track:0VgkVdmE4gld66l8iyGjgx,Future,0.005600589535740604,0.35185185185185186,18.363960113960115
spotify:track:0VgkVdmE4gld66l8iyGjgx,Future,spotify:track:6p8NuHm8uCGnn2Dtbtf7zE,Migos,0.005600589535740604,0.29230769230769227,18.36396011396011
spotify:track:3ESSGgWzRf1xvP7G5hHMhB,Fetty Wap,spotify:track:5NQbUaeTEOGdD6hHcre0dZ,Fetty Wap,0.005453205600589536,0.43023255813953487,18.35929501243235
spotify:track:5OMwQFBcte0aWFJFqrr5oj,Kesha,spotify:track:5Q0Nhxo0l2bP3pNjpGJwV1,Miley Cyrus,0.00501105379513633,0.3366336633663366,18.27247524752475
spotify:track:5Q0Nhxo0l2bP3pNjpGJwV1,Miley Cyrus,spotify:track:5OMwQFBcte0aWFJFqrr5oj,Kesha,0.00501105379513633,0.27199999999999996,18.27247524752475
spotify:track:0i5el041vd6nxrGEU8QRxy,Florida Georgia Line,spotify:track:4dGJf1SER1T6ooX46vwzRB,Zac Brown Band,0.005600589535740604,0.336283185840708,18.253451327433627
spotify:track:4dGJf1SER1T6ooX46vwzRB,Zac Brown Band,spotify:track:0i5el041vd6nxrGEU8QRxy,Florida Georgia Line,0.005600589535740604,0.304,18.253451327433627
spotify:track:7jslhIiELQkgW9IHeYNOWE,Drake,spotify:track:27GmP9AWRs744SzKcpJsTZ,Drake,0.006927044952100221,0.5222222222222223,18.07794784580499
spotify:track:5KY7zgFeH2GWoL1zP9mME6,Lil Jon & The East Side Boyz,spotify:track:7iL6o9tox1zgHpKUfh9vuC,50 Cent,0.00501105379513633,0.29310344827586204,17.91627834731283
spotify:track:7iL6o9tox1zgHpKUfh9vuC,50 Cent,spotify:track:5KY7zgFeH2GWoL1zP9mME6,Lil Jon & The East Side Boyz,0.00501105379513633,0.3063063063063063,17.91627834731283
spotify:track:0wdKiSBUT7aZkXUIdJWcwC,Kevin Gates,spotify:track:7EiZI6JVHllARrX9PUvAdX,Future,0.005158437730287398,0.39325842696629215,17.907774677626122
spotify:track:7KOlJ92bu51cltsD9KU5I7,Migos,spotify:track:4Km5HrUvYTaSUfiSGPJeQR,Migos,0.0075165806927044955,0.47222222222222227,17.899596523898204
spotify:track:4Km5HrUvYTaSUfiSGPJeQR,Migos,spotify:track:7KOlJ92bu51cltsD9KU5I7,Migos,0.0075165806927044955,0.28491620111731847,17.899596523898204
spotify:track:4dGJf1SER1T6ooX46vwzRB,Zac Brown Band,spotify:track:5HGibWoxnkYSkl6mHmAlOE,Luke Bryan,0.00501105379513633,0.27199999999999996,17.745384615384612
spotify:track:5HGibWoxnkYSkl6mHmAlOE,Luke Bryan,spotify:track:4dGJf1SER1T6ooX46vwzRB,Zac Brown Band,0.00501105379513633,0.32692307692307687,17.745384615384612
spotify:track:6fwdbPMwP1zVStm8FybmkO,21 Savage,spotify:track:7KOlJ92bu51cltsD9KU5I7,Migos,0.005158437730287398,0.27999999999999997,17.59074074074074
spotify:track:6p8NuHm8uCGnn2Dtbtf7zE,Migos,spotify:track:6fwdbPMwP1zVStm8FybmkO,21 Savage,0.005158437730287398,0.32407407407407407,17.59074074074074
spotify:track:7KOlJ92bu51cltsD9KU5I7,Migos,spotify:track:6fwdbPMwP1zVStm8FybmkO,21 Savage,0.005158437730287398,0.32407407407407407,17.59074074074074
spotify:track:6fwdbPMwP1zVStm8FybmkO,21 Savage,spotify:track:6p8NuHm8uCGnn2Dtbtf7zE,Migos,0.005158437730287398,0.27999999999999997,17.59074074074074
spotify:track:5CtI0qwDJkDQGwXD1H1cLb,Luis Fonsi,spotify:track:3DXncPQOG4VBw3QHh3S817,DJ Khaled,0.005305821665438467,0.33962264150943394,17.590378798790145
spotify:track:3DXncPQOG4VBw3QHh3S817,DJ Khaled,spotify:track:5CtI0qwDJkDQGwXD1H1cLb,Luis Fonsi,0.005305821665438467,0.27480916030534347,17.590378798790145
spotify:track:05ZACkzW8YbRq3eFgIfSNB,Eric Church,spotify:track:03fT3OHB9KyMtGMt2zwqCT,Luke Bryan,0.005158437730287398,0.2845528455284553,17.551736881005173
spotify:track:03fT3OHB9KyMtGMt2zwqCT,Luke Bryan,spotify:track:05ZACkzW8YbRq3eFgIfSNB,Eric Church,0.005158437730287398,0.3181818181818182,17.551736881005173
spotify:track:5kNe7PE09d6Kvw5pAsx23n,Thomas Rhett,spotify:track:03fT3OHB9KyMtGMt2zwqCT,Luke Bryan,0.005305821665438467,0.28346456692913385,17.484609878310668
spotify:track:03fT3OHB9KyMtGMt2zwqCT,Luke Bryan,spotify:track:5kNe7PE09d6Kvw5pAsx23n,Thomas Rhett,0.005305821665438467,0.32727272727272727,17.484609878310664
spotify:track:04KTF78FFg8sOHC1BADqbY,Nelly,spotify:track:1lzr43nnXAijIGYnCT8M8H,Shaggy,0.00501105379513633,0.37777777777777777,17.436885865457295
spotify:track:1Ser4X0TKttOvo8bgdytTP,Rae Sremmurd,spotify:track:4scpF6J5uMBvoh6sFB7EL1,Rae Sremmurd,0.005305821665438467,0.2926829268292683,17.41976893453145
spotify:track:4scpF6J5uMBvoh6sFB7EL1,Rae Sremmurd,spotify:track:1Ser4X0TKttOvo8bgdytTP,Rae Sremmurd,0.005305821665438467,0.3157894736842105,17.419768934531447
spotify:track:0jx8zY5JQsS4YEQcfkoc5C,Chance The Rapper,spotify:track:0v9Wz8o0BT8DU38R4ddjeH,Chance The Rapper,0.006337509211495947,0.4886363636363637,17.178226566179937
spotify:track:25khomWgBVamSdKw7hzm3l,The Weeknd,spotify:track:6RsWqX8zABZLhZydXxEFOm,The Weeknd,0.006337509211495947,0.3185185185185186,17.15196942974721
spotify:track:6RsWqX8zABZLhZydXxEFOm,The Weeknd,spotify:track:25khomWgBVamSdKw7hzm3l,The Weeknd,0.006337509211495947,0.3412698412698413,17.151969429747208
spotify:track:0wdKiSBUT7aZkXUIdJWcwC,Kevin Gates,spotify:track:5OOkp4U9P9oL23maHFHL1h,Desiigner,0.005158437730287398,0.39325842696629215,16.781499540668506
spotify:track:4dGJf1SER1T6ooX46vwzRB,Zac Brown Band,spotify:track:05ZACkzW8YbRq3eFgIfSNB,Eric Church,0.005600589535740604,0.304,16.769430894308943
spotify:track:05ZACkzW8YbRq3eFgIfSNB,Eric Church,spotify:track:4dGJf1SER1T6ooX46vwzRB,Zac Brown Band,0.005600589535740604,0.30894308943089427,16.76943089430894
spotify:track:5Z3GHaZ6ec9bsiI5BenrbY,Khalid,spotify:track:152lZdxL1OR0ZMW6KquMif,Khalid,0.00501105379513633,0.3695652173913043,16.716666666666665
spotify:track:7GX5flRQZVHRAGd6B4TmDO,Lil Uzi Vert,spotify:track:7KOlJ92bu51cltsD9KU5I7,Migos,0.005158437730287398,0.26515151515151514,16.657898428731762
spotify:track:7KOlJ92bu51cltsD9KU5I7,Migos,spotify:track:7GX5flRQZVHRAGd6B4TmDO,Lil Uzi Vert,0.005158437730287398,0.32407407407407407,16.65789842873176
spotify:track:3CRDbSIZ4r5MsZ0YwxuEkn,Twenty One Pilots,spotify:track:2Z8WuEywRWYTKe1NybPQEW,Twenty One Pilots,0.006190125276344879,0.35294117647058826,16.629901960784316
spotify:track:2Z8WuEywRWYTKe1NybPQEW,Twenty One Pilots,spotify:track:3CRDbSIZ4r5MsZ0YwxuEkn,Twenty One Pilots,0.006190125276344879,0.2916666666666667,16.629901960784313
spotify:track:7lL3MvFWFFSD25pBz72Agj,J. Cole,spotify:track:62vpWI1CHwFy7tMIcSStl8,J. Cole,0.006190125276344879,0.5060240963855421,16.27191229372466
spotify:track:2kQuhkFX7uSVepCD3h29g5,Akon,spotify:track:0XUfyU2QviPAs6bxSpXYG4,Usher,0.00501105379513633,0.4047619047619047,16.1547619047619
spotify:track:1f5cbQtDrykjarZVrShaDI,A Boogie Wit da Hoodie,spotify:track:6gBFPUFcJLzWGx4lenP6h2,Travis Scott,0.005305821665438467,0.36,15.964705882352941
spotify:track:0B8QzDH7YWih85V5SEMnyJ,Lil Uzi Vert,spotify:track:5uDASfU19gDxSjW8cnCaBp,Rob $tone,0.00501105379513633,0.3177570093457944,15.737089842417628
spotify:track:6875MeXyCW0wLyT72Eetmo,Hailee Steinfeld,spotify:track:7BKLCZ1jbUBVqRi2FVlTVw,The Chainsmokers,0.0058953574060427415,0.46511627906976744,15.70056693277797
spotify:track:6mapJIPnQ23RTAevUoE0DL,Rae Sremmurd,spotify:track:6gBFPUFcJLzWGx4lenP6h2,Travis Scott,0.005158437730287398,0.3535353535353535,15.678022050571068
spotify:track:3rbNV2GI8Vtd8byhUtXZID,JAY Z,spotify:track:2KpCpk6HjXXLb7nnXoXA5O,JAY Z,0.005305821665438467,0.3564356435643564,15.502665651180502
spotify:track:4Km5HrUvYTaSUfiSGPJeQR,Migos,spotify:track:0SGkqnVQo9KPytSri1H6cF,Big Sean,0.009874723655121593,0.3743016759776537,15.485590679929148
spotify:track:0SGkqnVQo9KPytSri1H6cF,Big Sean,spotify:track:4Km5HrUvYTaSUfiSGPJeQR,Migos,0.009874723655121593,0.4085365853658537,15.485590679929148
spotify:track:6Ius4TC0L3cN74HT7ENE6e,J. Cole,spotify:track:62vpWI1CHwFy7tMIcSStl8,J. Cole,0.007663964627855564,0.4814814814814815,15.48271019835001
spotify:track:0VgkVdmE4gld66l8iyGjgx,Future,spotify:track:7GX5flRQZVHRAGd6B4TmDO,Lil Uzi Vert,0.005747973470891673,0.3,15.420454545454543
spotify:track:7GX5flRQZVHRAGd6B4TmDO,Lil Uzi Vert,spotify:track:0VgkVdmE4gld66l8iyGjgx,Future,0.005747973470891673,0.2954545454545454,15.420454545454543
spotify:track:4Q3N4Ct4zCuIHuZ65E3BD4,Kodak Black,spotify:track:6gBFPUFcJLzWGx4lenP6h2,Travis Scott,0.005453205600589536,0.34579439252336447,15.334738256673385
spotify:track:60xaS8mYBKUW4VQQ666N0T,Chance The Rapper,spotify:track:0v9Wz8o0BT8DU38R4ddjeH,Chance The Rapper,0.0058953574060427415,0.4347826086956522,15.28497409326425
spotify:track:7KOlJ92bu51cltsD9KU5I7,Migos,spotify:track:6gBFPUFcJLzWGx4lenP6h2,Travis Scott,0.005453205600589536,0.3425925925925926,15.192749939481967
spotify:track:04KTF78FFg8sOHC1BADqbY,Nelly,spotify:track:0XUfyU2QviPAs6bxSpXYG4,Usher,0.00501105379513633,0.37777777777777777,15.077777777777776
spotify:track:7o2CTH4ctstm8TNelqjb51,Guns N' Roses,spotify:track:1AhDOtG9vPSOmsWgNW0BEY,Queen,0.005600589535740604,0.3584905660377358,15.014558583740973
spotify:track:6p8NuHm8uCGnn2Dtbtf7zE,Migos,spotify:track:3a1lNhkSLSkpJE4MSHpDu9,Post Malone,0.006190125276344879,0.38888888888888895,14.992108585858588
spotify:track:4scpF6J5uMBvoh6sFB7EL1,Rae Sremmurd,spotify:track:4w7yrP4RAeeyhfG9nJqQvS,Big Sean,0.00501105379513633,0.2982456140350877,14.989603638726447
spotify:track:4w7yrP4RAeeyhfG9nJqQvS,Big Sean,spotify:track:4scpF6J5uMBvoh6sFB7EL1,Rae Sremmurd,0.00501105379513633,0.2518518518518518,14.989603638726445
spotify:track:5nN8BwAQDJDguq7Dpd3JQQ,Future,spotify:track:27GmP9AWRs744SzKcpJsTZ,Drake,0.005600589535740604,0.4318181818181818,14.948399814471243
spotify:track:4pdPtRcBmOSQDlJ3Fk945m,DJ Snake,spotify:track:7BKLCZ1jbUBVqRi2FVlTVw,The Chainsmokers,0.006632277081798084,0.4411764705882353,14.89244951712028
spotify:track:4Q3N4Ct4zCuIHuZ65E3BD4,Kodak Black,spotify:track:2EEeOnHehOozLq4aS0n6SL,KYLE,0.00501105379513633,0.3177570093457944,14.868836609732517
spotify:track:6gBFPUFcJLzWGx4lenP6h2,Travis Scott,spotify:track:20dP2DaMHIAmwWAbp7peSr,Young Thug,0.0058953574060427415,0.26143790849673204,14.782135076252723
spotify:track:20dP2DaMHIAmwWAbp7peSr,Young Thug,spotify:track:6gBFPUFcJLzWGx4lenP6h2,Travis Scott,0.0058953574060427415,0.3333333333333333,14.782135076252722
spotify:track:7iL6o9tox1zgHpKUfh9vuC,50 Cent,spotify:track:0XUfyU2QviPAs6bxSpXYG4,Usher,0.00604274134119381,0.36936936936936937,14.742183359830419
spotify:track:16qYlQ6koFxYVbiJbGHblz,J. Cole,spotify:track:62vpWI1CHwFy7tMIcSStl8,J. Cole,0.006484893146647015,0.4583333333333333,14.738349131121641
spotify:track:0azC730Exh71aQlOt9Zj3y,Calvin Harris,spotify:track:0QsvXIfqM0zZoerQfsI9lm,The Chainsmokers,0.005158437730287398,0.3153153153153153,14.6535233864001
spotify:track:04DwTuZ2VBdJCCC5TROn7L,Martin Garrix,spotify:track:7BKLCZ1jbUBVqRi2FVlTVw,The Chainsmokers,0.005453205600589536,0.43023255813953487,14.523024412819622
spotify:track:6mapJIPnQ23RTAevUoE0DL,Rae Sremmurd,spotify:track:3a1lNhkSLSkpJE4MSHpDu9,Post Malone,0.005453205600589536,0.3737373737373737,14.408000459136822
spotify:track:5uDASfU19gDxSjW8cnCaBp,Rob $tone,spotify:track:6fwdbPMwP1zVStm8FybmkO,21 Savage,0.005305821665438467,0.26277372262773724,14.263357664233578
spotify:track:6fwdbPMwP1zVStm8FybmkO,21 Savage,spotify:track:5uDASfU19gDxSjW8cnCaBp,Rob $tone,0.005305821665438467,0.288,14.263357664233578
spotify:track:6mapJIPnQ23RTAevUoE0DL,Rae Sremmurd,spotify:track:0SGkqnVQo9KPytSri1H6cF,Big Sean,0.00501105379513633,0.3434343434343434,14.208548903670854
spotify:track:7zBPzAjKAqQpcv8F8GCq5s,MadeinTYO,spotify:track:7yyRTcZmCiyzzJlNzGC9Ol,DRAM,0.005305821665438467,0.4615384615384615,14.04277337012763
spotify:track:79XrkTOfV1AqySNjVlygpW,Drake,spotify:track:27GmP9AWRs744SzKcpJsTZ,Drake,0.005305821665438467,0.4044943820224719,14.00252235725751
spotify:track:6p8NuHm8uCGnn2Dtbtf7zE,Migos,spotify:track:4Km5HrUvYTaSUfiSGPJeQR,Migos,0.005747973470891673,0.3611111111111111,13.687926753569212
spotify:track:2EEeOnHehOozLq4aS0n6SL,KYLE,spotify:track:0VgkVdmE4gld66l8iyGjgx,Future,0.005600589535740604,0.2620689655172414,13.677984084880636
spotify:track:0VgkVdmE4gld66l8iyGjgx,Future,spotify:track:2EEeOnHehOozLq4aS0n6SL,KYLE,0.005600589535740604,0.29230769230769227,13.677984084880634
spotify:track:6fwdbPMwP1zVStm8FybmkO,21 Savage,spotify:track:4Km5HrUvYTaSUfiSGPJeQR,Migos,0.006632277081798084,0.36,13.645810055865923
spotify:track:4Km5HrUvYTaSUfiSGPJeQR,Migos,spotify:track:6fwdbPMwP1zVStm8FybmkO,21 Savage,0.006632277081798084,0.25139664804469275,13.645810055865923
spotify:track:0VgkVdmE4gld66l8iyGjgx,Future,spotify:track:7KXjTSCq5nL1LoYtL7XAwS,Kendrick Lamar,0.007663964627855564,0.39999999999999997,13.638190954773869
spotify:track:7KXjTSCq5nL1LoYtL7XAwS,Kendrick Lamar,spotify:track:0VgkVdmE4gld66l8iyGjgx,Future,0.007663964627855564,0.2613065326633166,13.638190954773869
spotify:track:17Fd6Yb7mSbinKG8LoWfFl,Mike Posner,spotify:track:0QsvXIfqM0zZoerQfsI9lm,The Chainsmokers,0.005305821665438467,0.2926829268292683,13.601737387236886
spotify:track:5lFDtgWsjRJu8fPOAyJIAK,Drake,spotify:track:27GmP9AWRs744SzKcpJsTZ,Drake,0.0058953574060427415,0.39215686274509803,13.575430172068828
spotify:track:2EEeOnHehOozLq4aS0n6SL,KYLE,spotify:track:0SGkqnVQo9KPytSri1H6cF,Big Sean,0.006927044952100221,0.32413793103448274,13.410218671152228
spotify:track:0SGkqnVQo9KPytSri1H6cF,Big Sean,spotify:track:2EEeOnHehOozLq4aS0n6SL,KYLE,0.006927044952100221,0.2865853658536585,13.410218671152228
spotify:track:6mapJIPnQ23RTAevUoE0DL,Rae Sremmurd,spotify:track:4Km5HrUvYTaSUfiSGPJeQR,Migos,0.005158437730287398,0.3535353535353535,13.400767451046779
spotify:track:4Q3N4Ct4zCuIHuZ65E3BD4,Kodak Black,spotify:track:7KXjTSCq5nL1LoYtL7XAwS,Kendrick Lamar,0.006190125276344879,0.39252336448598135,13.383271497675294
spotify:track:343YBumqHu19cGoGARUTsd,Drake,spotify:track:6fujklziTHa8uoM5OQSfIo,Rae Sremmurd,0.006484893146647015,0.2802547770700637,13.297403233708966
spotify:track:6fujklziTHa8uoM5OQSfIo,Rae Sremmurd,spotify:track:343YBumqHu19cGoGARUTsd,Drake,0.006484893146647015,0.3076923076923077,13.297403233708966
spotify:track:2FBUoWkIuQXwayw2RNo5l6,Drake,spotify:track:5NQbUaeTEOGdD6hHcre0dZ,Fetty Wap,0.006337509211495947,0.3115942028985508,13.296645702306082
spotify:track:5NQbUaeTEOGdD6hHcre0dZ,Fetty Wap,spotify:track:2FBUoWkIuQXwayw2RNo5l6,Drake,0.006337509211495947,0.27044025157232704,13.29664570230608
spotify:track:6fwdbPMwP1zVStm8FybmkO,21 Savage,spotify:track:6fujklziTHa8uoM5OQSfIo,Rae Sremmurd,0.005158437730287398,0.27999999999999997,13.285314685314685
spotify:track:6F609ICg9Spjrw1epsAnpa,Drake,spotify:track:1xznGGDReH1oQq0xzbwXa3,Drake,0.0058953574060427415,0.3738317757009346,13.27983559230807
spotify:track:4Km5HrUvYTaSUfiSGPJeQR,Migos,spotify:track:0VgkVdmE4gld66l8iyGjgx,Future,0.006632277081798084,0.25139664804469275,13.120971207563386
spotify:track:0VgkVdmE4gld66l8iyGjgx,Future,spotify:track:4Km5HrUvYTaSUfiSGPJeQR,Migos,0.006632277081798084,0.3461538461538461,13.120971207563384
spotify:track:0CAfXk7DXMnon4gLudAp7J,Flo Rida,spotify:track:0XUfyU2QviPAs6bxSpXYG4,Usher,0.005747973470891673,0.3277310924369748,13.080326248146317
spotify:track:4Q3N4Ct4zCuIHuZ65E3BD4,Kodak Black,spotify:track:3a1lNhkSLSkpJE4MSHpDu9,Post Malone,0.005305821665438467,0.3364485981308411,12.970475785896348
spotify:track:7GX5flRQZVHRAGd6B4TmDO,Lil Uzi Vert,spotify:track:7KXjTSCq5nL1LoYtL7XAwS,Kendrick Lamar,0.007369196757553427,0.3787878787878788,12.914953555657073
spotify:track:7KXjTSCq5nL1LoYtL7XAwS,Kendrick Lamar,spotify:track:7GX5flRQZVHRAGd6B4TmDO,Lil Uzi Vert,0.007369196757553427,0.25125628140703515,12.914953555657071
spotify:track:0O45fw2L5vsWpdsOdXwNAR,Justin Timberlake,spotify:track:0XUfyU2QviPAs6bxSpXYG4,Usher,0.0058953574060427415,0.3225806451612903,12.874762808349145
spotify:track:3iVcZ5G6tvkXZkZKlMpIUs,Kendrick Lamar,spotify:track:62vpWI1CHwFy7tMIcSStl8,J. Cole,0.00501105379513633,0.39999999999999997,12.86255924170616
spotify:track:17Fd6Yb7mSbinKG8LoWfFl,Mike Posner,spotify:track:6O6M7pJLABmfBRoGZMu76Y,The Chainsmokers,0.005600589535740604,0.30894308943089427,12.859993017108083
spotify:track:7GX5flRQZVHRAGd6B4TmDO,Lil Uzi Vert,spotify:track:6gBFPUFcJLzWGx4lenP6h2,Travis Scott,0.005600589535740604,0.28787878787878785,12.766389384036442
spotify:track:4X5f3vT8MRuXF68pfjNte5,A$AP Rocky,spotify:track:4w7yrP4RAeeyhfG9nJqQvS,Big Sean,0.005453205600589536,0.25170068027210885,12.650289745527841
spotify:track:4w7yrP4RAeeyhfG9nJqQvS,Big Sean,spotify:track:4X5f3vT8MRuXF68pfjNte5,A$AP Rocky,0.005453205600589536,0.2740740740740741,12.650289745527841
spotify:track:1f5cbQtDrykjarZVrShaDI,A Boogie Wit da Hoodie,spotify:track:7KXjTSCq5nL1LoYtL7XAwS,Kendrick Lamar,0.005453205600589536,0.37,12.615326633165829
spotify:track:343YBumqHu19cGoGARUTsd,Drake,spotify:track:4Km5HrUvYTaSUfiSGPJeQR,Migos,0.007663964627855564,0.3312101910828026,12.554531544674948
spotify:track:4Km5HrUvYTaSUfiSGPJeQR,Migos,spotify:track:343YBumqHu19cGoGARUTsd,Drake,0.007663964627855564,0.2905027932960894,12.554531544674946
spotify:track:7KOlJ92bu51cltsD9KU5I7,Migos,spotify:track:3a1lNhkSLSkpJE4MSHpDu9,Post Malone,0.005158437730287398,0.32407407407407407,12.493423821548822
spotify:track:4Q3N4Ct4zCuIHuZ65E3BD4,Kodak Black,spotify:track:4Km5HrUvYTaSUfiSGPJeQR,Migos,0.005158437730287398,0.32710280373831774,12.39884091265076
spotify:track:5KY7zgFeH2GWoL1zP9mME6,Lil Jon & The East Side Boyz,spotify:track:0XUfyU2QviPAs6bxSpXYG4,Usher,0.005305821665438467,0.3103448275862069,12.386409736308316
spotify:track:06iMqWThw4w8fTFyccvOwr,Nelly,spotify:track:5dNfHmqgr128gMY2tc5CeJ,R. Kelly,0.00604274134119381,0.3904761904761905,12.380284824210058
spotify:track:2d8JP84HNLKhmd6IYOoupQ,Fetty Wap,spotify:track:5NQbUaeTEOGdD6hHcre0dZ,Fetty Wap,0.006484893146647015,0.2894736842105263,12.352697782191328
spotify:track:5NQbUaeTEOGdD6hHcre0dZ,Fetty Wap,spotify:track:2d8JP84HNLKhmd6IYOoupQ,Fetty Wap,0.006484893146647015,0.27672955974842767,12.352697782191328
spotify:track:5uDASfU19gDxSjW8cnCaBp,Rob $tone,spotify:track:5hTpBe8h35rJ67eAWHQsJx,Amin,0.006632277081798084,0.3284671532846715,12.312981409041416
spotify:track:0VgkVdmE4gld66l8iyGjgx,Future,spotify:track:6gBFPUFcJLzWGx4lenP6h2,Travis Scott,0.005305821665438467,0.2769230769230769,12.280542986425338
spotify:track:6O6M7pJLABmfBRoGZMu76Y,The Chainsmokers,spotify:track:0QsvXIfqM0zZoerQfsI9lm,The Chainsmokers,0.006337509211495947,0.2638036809815951,12.259643667535089
spotify:track:0QsvXIfqM0zZoerQfsI9lm,The Chainsmokers,spotify:track:6O6M7pJLABmfBRoGZMu76Y,The Chainsmokers,0.006337509211495947,0.2945205479452055,12.259643667535087
spotify:track:4Km5HrUvYTaSUfiSGPJeQR,Migos,spotify:track:6fujklziTHa8uoM5OQSfIo,Rae Sremmurd,0.006779661016949152,0.2569832402234637,12.193225768644764
spotify:track:6fujklziTHa8uoM5OQSfIo,Rae Sremmurd,spotify:track:4Km5HrUvYTaSUfiSGPJeQR,Migos,0.006779661016949152,0.32167832167832167,12.193225768644764
spotify:track:3B54sVLJ402zGa6Xm4YGNe,French Montana,spotify:track:7KXjTSCq5nL1LoYtL7XAwS,Kendrick Lamar,0.005453205600589536,0.3557692307692307,12.13012176265945
spotify:track:7yyRTcZmCiyzzJlNzGC9Ol,DRAM,spotify:track:6fujklziTHa8uoM5OQSfIo,Rae Sremmurd,0.008400884303610906,0.2556053811659193,12.127849728746591
spotify:track:6fujklziTHa8uoM5OQSfIo,Rae Sremmurd,spotify:track:7yyRTcZmCiyzzJlNzGC9Ol,DRAM,0.008400884303610906,0.3986013986013986,12.12784972874659
spotify:track:5uDASfU19gDxSjW8cnCaBp,Rob $tone,spotify:track:6fujklziTHa8uoM5OQSfIo,Rae Sremmurd,0.005158437730287398,0.25547445255474455,12.121637486600992
spotify:track:6mapJIPnQ23RTAevUoE0DL,Rae Sremmurd,spotify:track:7KXjTSCq5nL1LoYtL7XAwS,Kendrick Lamar,0.005158437730287398,0.3535353535353535,12.0539566519466
spotify:track:2EEeOnHehOozLq4aS0n6SL,KYLE,spotify:track:4Km5HrUvYTaSUfiSGPJeQR,Migos,0.006779661016949152,0.31724137931034485,12.025043344249664
spotify:track:4Km5HrUvYTaSUfiSGPJeQR,Migos,spotify:track:2EEeOnHehOozLq4aS0n6SL,KYLE,0.006779661016949152,0.2569832402234637,12.025043344249664
spotify:track:5uDASfU19gDxSjW8cnCaBp,Rob $tone,spotify:track:7yyRTcZmCiyzzJlNzGC9Ol,DRAM,0.0079587324981577,0.39416058394160586,11.992733462079801
spotify:track:7GX5flRQZVHRAGd6B4TmDO,Lil Uzi Vert,spotify:track:3a1lNhkSLSkpJE4MSHpDu9,Post Malone,0.00604274134119381,0.3106060606060606,11.974216597796143
spotify:track:2ANLarE8yHVsLWW21nj79M,Lil Uzi Vert,spotify:track:4Km5HrUvYTaSUfiSGPJeQR,Migos,0.005158437730287398,0.3153153153153153,11.9520358347174
spotify:track:11KJSRSgaDxqydKYiD2Jew,Drake,spotify:track:1xznGGDReH1oQq0xzbwXa3,Drake,0.0058953574060427415,0.33613445378151263,11.940692507369441
spotify:track:343YBumqHu19cGoGARUTsd,Drake,spotify:track:2EEeOnHehOozLq4aS0n6SL,KYLE,0.0058953574060427415,0.25477707006369427,11.921809795739074
spotify:track:2EEeOnHehOozLq4aS0n6SL,KYLE,spotify:track:343YBumqHu19cGoGARUTsd,Drake,0.0058953574060427415,0.27586206896551724,11.921809795739073
spotify:track:0SGkqnVQo9KPytSri1H6cF,Big Sean,spotify:track:6gBFPUFcJLzWGx4lenP6h2,Travis Scott,0.006484893146647015,0.26829268292682923,11.897816036983897
spotify:track:6gBFPUFcJLzWGx4lenP6h2,Travis Scott,spotify:track:0SGkqnVQo9KPytSri1H6cF,Big Sean,0.006484893146647015,0.2875816993464052,11.897816036983897
spotify:track:6DNtNfH8hXkqOX1sjqmI7p,Major Lazer,spotify:track:7BKLCZ1jbUBVqRi2FVlTVw,The Chainsmokers,0.006337509211495947,0.3524590163934426,11.897683712584618
spotify:track:5uDASfU19gDxSjW8cnCaBp,Rob $tone,spotify:track:4Km5HrUvYTaSUfiSGPJeQR,Migos,0.006337509211495947,0.3138686131386862,11.897198548301597
spotify:track:4gFXY5yvHayGckJndafYQE,T-Pain,spotify:track:0XUfyU2QviPAs6bxSpXYG4,Usher,0.005747973470891673,0.29770992366412213,11.882128423888638
spotify:track:3nAq2hCr1oWsIU54tS98pL,Kanye West,spotify:track:0v9Wz8o0BT8DU38R4ddjeH,Chance The Rapper,0.005158437730287398,0.3365384615384615,11.831157831805498
spotify:track:1wHZx0LgzFHyeIZkUydNXq,Travis Scott,spotify:track:27GmP9AWRs744SzKcpJsTZ,Drake,0.00707442888725129,0.3404255319148936,11.784628745115066
spotify:track:0VgkVdmE4gld66l8iyGjgx,Future,spotify:track:0SGkqnVQo9KPytSri1H6cF,Big Sean,0.005453205600589536,0.2846153846153846,11.775093808630393
spotify:track:6fwdbPMwP1zVStm8FybmkO,21 Savage,spotify:track:343YBumqHu19cGoGARUTsd,Drake,0.00501105379513633,0.27199999999999996,11.754904458598725
spotify:track:6p8NuHm8uCGnn2Dtbtf7zE,Migos,spotify:track:7KXjTSCq5nL1LoYtL7XAwS,Kendrick Lamar,0.005453205600589536,0.3425925925925926,11.680857993672065
spotify:track:7hDc8b7IXETo14hHIHdnhd,Drake,spotify:track:7KXjTSCq5nL1LoYtL7XAwS,Kendrick Lamar,0.005453205600589536,0.3425925925925926,11.680857993672065
spotify:track:40yJGQyEaBbIkXpwMFkXip,Lil Yachty,spotify:track:7yyRTcZmCiyzzJlNzGC9Ol,DRAM,0.005453205600589536,0.38144329896907214,11.605797235449124
spotify:track:4bHsxqR3GMrXTxEPLuK5ue,Journey,spotify:track:1AhDOtG9vPSOmsWgNW0BEY,Queen,0.005747973470891673,0.2746478873239437,11.502999478351592
spotify:track:5hTpBe8h35rJ67eAWHQsJx,Amin,spotify:track:0v9Wz8o0BT8DU38R4ddjeH,Chance The Rapper,0.008695652173913044,0.3259668508287293,11.459508201414137
spotify:track:0v9Wz8o0BT8DU38R4ddjeH,Chance The Rapper,spotify:track:5hTpBe8h35rJ67eAWHQsJx,Amin,0.008695652173913044,0.30569948186528495,11.459508201414135
spotify:track:7KXjTSCq5nL1LoYtL7XAwS,Kendrick Lamar,spotify:track:3a1lNhkSLSkpJE4MSHpDu9,Post Malone,0.008695652173913044,0.2964824120603015,11.429733896756511
spotify:track:3a1lNhkSLSkpJE4MSHpDu9,Post Malone,spotify:track:7KXjTSCq5nL1LoYtL7XAwS,Kendrick Lamar,0.008695652173913044,0.33522727272727276,11.429733896756511
spotify:track:1wHZx0LgzFHyeIZkUydNXq,Travis Scott,spotify:track:6eT7xZZlB2mwyzJ2sUKG6w,Post Malone,0.005453205600589536,0.2624113475177305,11.340515878393639
spotify:track:6gBFPUFcJLzWGx4lenP6h2,Travis Scott,spotify:track:3a1lNhkSLSkpJE4MSHpDu9,Post Malone,0.006632277081798084,0.29411764705882354,11.338569518716579
spotify:track:3a1lNhkSLSkpJE4MSHpDu9,Post Malone,spotify:track:6gBFPUFcJLzWGx4lenP6h2,Travis Scott,0.006632277081798084,0.2556818181818182,11.338569518716577
spotify:track:0SGkqnVQo9KPytSri1H6cF,Big Sean,spotify:track:343YBumqHu19cGoGARUTsd,Drake,0.006337509211495947,0.2621951219512195,11.331171353114806
spotify:track:343YBumqHu19cGoGARUTsd,Drake,spotify:track:0SGkqnVQo9KPytSri1H6cF,Big Sean,0.006337509211495947,0.27388535031847133,11.331171353114804
spotify:track:2EEeOnHehOozLq4aS0n6SL,KYLE,spotify:track:6gBFPUFcJLzWGx4lenP6h2,Travis Scott,0.005453205600589536,0.25517241379310346,11.315979265269327
spotify:track:5hTpBe8h35rJ67eAWHQsJx,Amin,spotify:track:343YBumqHu19cGoGARUTsd,Drake,0.006927044952100221,0.2596685082872928,11.221979800823451
spotify:track:343YBumqHu19cGoGARUTsd,Drake,spotify:track:5hTpBe8h35rJ67eAWHQsJx,Amin,0.006927044952100221,0.29936305732484075,11.221979800823451
spotify:track:5mPSyjLatqB00IkPqRlbTE,Drake,spotify:track:27GmP9AWRs744SzKcpJsTZ,Drake,0.00501105379513633,0.320754716981132,11.103677319984595
spotify:track:5uDASfU19gDxSjW8cnCaBp,Rob $tone,spotify:track:0v9Wz8o0BT8DU38R4ddjeH,Chance The Rapper,0.006337509211495947,0.3138686131386862,11.034189327181274
spotify:track:5lFDtgWsjRJu8fPOAyJIAK,Drake,spotify:track:62vpWI1CHwFy7tMIcSStl8,J. Cole,0.005158437730287398,0.34313725490196073,11.034058173032244
spotify:track:2PpruBYCo4H7WOBJ7Q2EwM,OutKast,spotify:track:0XUfyU2QviPAs6bxSpXYG4,Usher,0.005158437730287398,0.2755905511811023,10.999305233904582
spotify:track:0VgkVdmE4gld66l8iyGjgx,Future,spotify:track:3a1lNhkSLSkpJE4MSHpDu9,Post Malone,0.005453205600589536,0.2846153846153846,10.972246503496503
spotify:track:2ANLarE8yHVsLWW21nj79M,Lil Uzi Vert,spotify:track:7yyRTcZmCiyzzJlNzGC9Ol,DRAM,0.0058953574060427415,0.3603603603603604,10.964327556255808
spotify:track:0azC730Exh71aQlOt9Zj3y,Calvin Harris,spotify:track:7BKLCZ1jbUBVqRi2FVlTVw,The Chainsmokers,0.005305821665438467,0.32432432432432434,10.947962888261396
spotify:track:7yyRTcZmCiyzzJlNzGC9Ol,DRAM,spotify:track:5hTpBe8h35rJ67eAWHQsJx,Amin,0.009579955784819455,0.2914798206278027,10.92646730916929
spotify:track:5hTpBe8h35rJ67eAWHQsJx,Amin,spotify:track:7yyRTcZmCiyzzJlNzGC9Ol,DRAM,0.009579955784819455,0.35911602209944754,10.92646730916929
spotify:track:20dP2DaMHIAmwWAbp7peSr,Young Thug,spotify:track:0v9Wz8o0BT8DU38R4ddjeH,Chance The Rapper,0.005453205600589536,0.3083333333333333,10.839594127806562
spotify:track:6fujklziTHa8uoM5OQSfIo,Rae Sremmurd,spotify:track:0SGkqnVQo9KPytSri1H6cF,Big Sean,0.005453205600589536,0.25874125874125875,10.70463073511854
spotify:track:7GX5flRQZVHRAGd6B4TmDO,Lil Uzi Vert,spotify:track:4Km5HrUvYTaSUfiSGPJeQR,Migos,0.005453205600589536,0.2803030303030303,10.624894193329947
spotify:track:2EEeOnHehOozLq4aS0n6SL,KYLE,spotify:track:5hTpBe8h35rJ67eAWHQsJx,Amin,0.00604274134119381,0.2827586206896552,10.599542770051439
spotify:track:2FBUoWkIuQXwayw2RNo5l6,Drake,spotify:track:27GmP9AWRs744SzKcpJsTZ,Drake,0.006190125276344879,0.30434782608695654,10.535714285714286
spotify:track:0B8QzDH7YWih85V5SEMnyJ,Lil Uzi Vert,spotify:track:7yyRTcZmCiyzzJlNzGC9Ol,DRAM,0.005453205600589536,0.34579439252336447,10.521143288210888
spotify:track:4KW1lqgSr8TKrvBII0Brf8,Kanye West,spotify:track:62vpWI1CHwFy7tMIcSStl8,J. Cole,0.00501105379513633,0.32692307692307687,10.512668611009842
spotify:track:6fujklziTHa8uoM5OQSfIo,Rae Sremmurd,spotify:track:5hTpBe8h35rJ67eAWHQsJx,Amin,0.0058953574060427415,0.27972027972027974,10.485646949735349
spotify:track:5OOkp4U9P9oL23maHFHL1h,Desiigner,spotify:track:27GmP9AWRs744SzKcpJsTZ,Drake,0.00707442888725129,0.3018867924528302,10.450519830573738
spotify:track:7yyRTcZmCiyzzJlNzGC9Ol,DRAM,spotify:track:0v9Wz8o0BT8DU38R4ddjeH,Chance The Rapper,0.009727339719970524,0.29596412556053814,10.404749180975395
spotify:track:0v9Wz8o0BT8DU38R4ddjeH,Chance The Rapper,spotify:track:7yyRTcZmCiyzzJlNzGC9Ol,DRAM,0.009727339719970524,0.3419689119170985,10.404749180975395
spotify:track:3DXncPQOG4VBw3QHh3S817,DJ Khaled,spotify:track:3a1lNhkSLSkpJE4MSHpDu9,Post Malone,0.005158437730287398,0.2671755725190839,10.29992192921582
spotify:track:0SGkqnVQo9KPytSri1H6cF,Big Sean,spotify:track:5hTpBe8h35rJ67eAWHQsJx,Amin,0.006632277081798084,0.274390243902439,10.285844225845572
spotify:track:5hTpBe8h35rJ67eAWHQsJx,Amin,spotify:track:4Km5HrUvYTaSUfiSGPJeQR,Migos,0.007221812822402358,0.2707182320441989,10.26158214759715
spotify:track:4Km5HrUvYTaSUfiSGPJeQR,Migos,spotify:track:5hTpBe8h35rJ67eAWHQsJx,Amin,0.007221812822402358,0.2737430167597765,10.261582147597148
spotify:track:5NQbUaeTEOGdD6hHcre0dZ,Fetty Wap,spotify:track:27GmP9AWRs744SzKcpJsTZ,Drake,0.006927044952100221,0.29559748427672955,10.232800667436786
spotify:track:1Tt4sE4pXi57mTD1GCzsqm,Rihanna,spotify:track:1xznGGDReH1oQq0xzbwXa3,Drake,0.005453205600589536,0.28682170542635654,10.188928122082876
spotify:track:2EEeOnHehOozLq4aS0n6SL,KYLE,spotify:track:3a1lNhkSLSkpJE4MSHpDu9,Post Malone,0.005600589535740604,0.2620689655172414,10.103056426332289
spotify:track:152lZdxL1OR0ZMW6KquMif,Khalid,spotify:track:3a1lNhkSLSkpJE4MSHpDu9,Post Malone,0.005747973470891673,0.26,10.023295454545455
spotify:track:7EiZI6JVHllARrX9PUvAdX,Future,spotify:track:62vpWI1CHwFy7tMIcSStl8,J. Cole,0.006779661016949152,0.3087248322147651,9.927478609370526
spotify:track:3DXncPQOG4VBw3QHh3S817,DJ Khaled,spotify:track:7KXjTSCq5nL1LoYtL7XAwS,Kendrick Lamar,0.005600589535740604,0.2900763358778626,9.89029115040853
spotify:track:20dP2DaMHIAmwWAbp7peSr,Young Thug,spotify:track:7yyRTcZmCiyzzJlNzGC9Ol,DRAM,0.005747973470891673,0.325,9.888452914798206
spotify:track:2EEeOnHehOozLq4aS0n6SL,KYLE,spotify:track:7KXjTSCq5nL1LoYtL7XAwS,Kendrick Lamar,0.00604274134119381,0.2827586206896552,9.640790157684977
spotify:track:0SGkqnVQo9KPytSri1H6cF,Big Sean,spotify:track:3a1lNhkSLSkpJE4MSHpDu9,Post Malone,0.00604274134119381,0.25,9.637784090909092
spotify:track:6gBFPUFcJLzWGx4lenP6h2,Travis Scott,spotify:track:7KXjTSCq5nL1LoYtL7XAwS,Kendrick Lamar,0.006337509211495947,0.28104575163398693,9.58238906953066
spotify:track:6gBFPUFcJLzWGx4lenP6h2,Travis Scott,spotify:track:5hTpBe8h35rJ67eAWHQsJx,Amin,0.005747973470891673,0.2549019607843137,9.555302784097064
spotify:track:3a1lNhkSLSkpJE4MSHpDu9,Post Malone,spotify:track:4Km5HrUvYTaSUfiSGPJeQR,Migos,0.006484893146647015,0.25,9.476256983240225
spotify:track:2EEeOnHehOozLq4aS0n6SL,KYLE,spotify:track:0v9Wz8o0BT8DU38R4ddjeH,Chance The Rapper,0.005747973470891673,0.26896551724137935,9.455601214936575
spotify:track:3kxfsdsCpFgN412fpnW85Y,Childish Gambino,spotify:track:7KXjTSCq5nL1LoYtL7XAwS,Kendrick Lamar,0.00501105379513633,0.2764227642276422,9.42476610695755
spotify:track:343YBumqHu19cGoGARUTsd,Drake,spotify:track:0v9Wz8o0BT8DU38R4ddjeH,Chance The Rapper,0.006190125276344879,0.267515923566879,9.40464011088743
spotify:track:2EEeOnHehOozLq4aS0n6SL,KYLE,spotify:track:7yyRTcZmCiyzzJlNzGC9Ol,DRAM,0.006484893146647015,0.30344827586206896,9.232719962888511
spotify:track:4Km5HrUvYTaSUfiSGPJeQR,Migos,spotify:track:7yyRTcZmCiyzzJlNzGC9Ol,DRAM,0.0079587324981577,0.3016759776536313,9.178796001703535
spotify:track:5OOkp4U9P9oL23maHFHL1h,Desiigner,spotify:track:1xznGGDReH1oQq0xzbwXa3,Drake,0.00604274134119381,0.2578616352201258,9.160163324442689
spotify:track:4Km5HrUvYTaSUfiSGPJeQR,Migos,spotify:track:7KXjTSCq5nL1LoYtL7XAwS,Kendrick Lamar,0.006927044952100221,0.26256983240223464,8.952443783161618
spotify:track:0SGkqnVQo9KPytSri1H6cF,Big Sean,spotify:track:7yyRTcZmCiyzzJlNzGC9Ol,DRAM,0.00707442888725129,0.2926829268292683,8.905173356666301
spotify:track:5hTpBe8h35rJ67eAWHQsJx,Amin,spotify:track:7KXjTSCq5nL1LoYtL7XAwS,Kendrick Lamar,0.006927044952100221,0.2596685082872928,8.85352175240845
spotify:track:6fujklziTHa8uoM5OQSfIo,Rae Sremmurd,spotify:track:0v9Wz8o0BT8DU38R4ddjeH,Chance The Rapper,0.005305821665438467,0.2517482517482518,8.850320663792168
spotify:track:6C7RJEIUDqKkJRZVWdkfkH,Kanye West,spotify:track:5XJJdNPkwmbUwE79gv0NxK,Kanye West,0.005600589535740604,0.2753623188405797,8.812893081761006
spotify:track:6fwdbPMwP1zVStm8FybmkO,21 Savage,spotify:track:7yyRTcZmCiyzzJlNzGC9Ol,DRAM,0.005305821665438467,0.288,8.76269058295964
spotify:track:439TlnnznSiBbQbgXiBqAd,Kendrick Lamar,spotify:track:62vpWI1CHwFy7tMIcSStl8,J. Cole,0.0058953574060427415,0.2702702702702703,8.690918406558216
spotify:track:2PpruBYCo4H7WOBJ7Q2EwM,OutKast,spotify:track:5XJJdNPkwmbUwE79gv0NxK,Kanye West,0.00501105379513633,0.26771653543307083,8.568191947704648
spotify:track:2PpruBYCo4H7WOBJ7Q2EwM,OutKast,spotify:track:5dNfHmqgr128gMY2tc5CeJ,R. Kelly,0.00501105379513633,0.26771653543307083,8.488115387445728
spotify:track:4gFXY5yvHayGckJndafYQE,T-Pain,spotify:track:5dNfHmqgr128gMY2tc5CeJ,R. Kelly,0.005158437730287398,0.2671755725190839,8.47096382963544
spotify:track:1lzr43nnXAijIGYnCT8M8H,Shaggy,spotify:track:5dNfHmqgr128gMY2tc5CeJ,R. Kelly,0.005747973470891673,0.2653061224489796,8.411691779515545
spotify:track:6eT7xZZlB2mwyzJ2sUKG6w,Post Malone,spotify:track:62vpWI1CHwFy7tMIcSStl8,J. Cole,0.00604274134119381,0.2611464968152866,8.397530715126633
spotify:track:0XUfyU2QviPAs6bxSpXYG4,Usher,spotify:track:5dNfHmqgr128gMY2tc5CeJ,R. Kelly,0.006632277081798084,0.2647058823529411,8.392660802638812
spotify:track:7EiZI6JVHllARrX9PUvAdX,Future,spotify:track:7yyRTcZmCiyzzJlNzGC9Ol,DRAM,0.00604274134119381,0.2751677852348993,8.37225750142956
spotify:track:5OOkp4U9P9oL23maHFHL1h,Desiigner,spotify:track:7yyRTcZmCiyzzJlNzGC9Ol,DRAM,0.006337509211495947,0.27044025157232704,8.228417519812732
spotify:track:0XUfyU2QviPAs6bxSpXYG4,Usher,spotify:track:5XJJdNPkwmbUwE79gv0NxK,Kanye West,0.006337509211495947,0.2529411764705882,8.095310765815759
spotify:track:5XJJdNPkwmbUwE79gv0NxK,Kanye West,spotify:track:5dNfHmqgr128gMY2tc5CeJ,R. Kelly,0.0079587324981577,0.25471698113207547,8.07595662140716
spotify:track:5dNfHmqgr128gMY2tc5CeJ,R. Kelly,spotify:track:5XJJdNPkwmbUwE79gv0NxK,Kanye West,0.0079587324981577,0.25233644859813087,8.07595662140716
spotify:track:2KpCpk6HjXXLb7nnXoXA5O,JAY Z,spotify:track:5XJJdNPkwmbUwE79gv0NxK,Kanye West,0.005747973470891673,0.25,8.00117924528302
spotify:track:343YBumqHu19cGoGARUTsd,Drake,spotify:track:7yyRTcZmCiyzzJlNzGC9Ol,DRAM,0.00604274134119381,0.2611464968152866,7.945645654222958
